End Date,USD/INR,USD/PKR,USD/CNY,USD/KWD,USD/AED,USD/LKR,USD/CHF,USD/EUR,USD/ALL,USD/DZD,USD/AOA,USD/XCD,USD/ARS,USD/AWG,USD/SHP,USD/AUD,USD/BSD,USD/BHD,USD/BDT,USD/BBD,USD/BZD,USD/XOF,USD/BMD,USD/BTN,USD/BOB,USD/BWP,USD/BRL,USD/BND,USD/BGN,USD/BIF,USD/CVE
2/18/16,68.4513,104.801,6.5169,0.299235,3.67305,144.291,0.99296,0.899369,124.303,106.276,158.944,2.70255,14.9563,1.8,0.631303,1.39701,1.0025,0.37709,78.4992,2,1.99638,590.568,1,68.4758,6.8948,11.2136,4.00023,1.40702,1.75879,"1,568.12",99.138
2/19/16,68.6999,104.629,6.5209,0.29921,3.67303,143.978,0.99196,0.89977,124.285,106.351,158.944,2.70255,15.0312,1.8,0.631205,1.4047,1.00147,0.37707,78.4113,2,1.99221,593.023,1,68.7262,6.88026,11.1429,4.03325,1.40217,1.76035,"1,564.98",99.231
2/20/16,68.71,104.5,6.5219,0.29915,3.673,143.785,0.989865,0.89846,124.195,106.141,158.944,2.70255,14.972,1.8,0.635058,1.39893,1.00255,0.376875,78.4265,2,1.9899,589.3,1,68.7216,6.87265,11.145,4.02275,1.40355,1.7572,"1,566.05",99.06
2/21/16,68.71,104.75,6.52825,0.2999,3.67285,144.09,0.98987,0.89846,124.5,106.341,158.944,2.70255,15.0678,1.8,0.628565,1.39892,1.0025,0.3768,78.525,2,1.99735,591.6,1,68.7148,6.89,11.157,4.02251,1.4068,1.75725,"1,548.50",99.45
2/22/16,68.6185,104.805,6.5263,0.299105,3.67305,144.078,0.994395,0.903102,124.791,106.525,158.944,2.70255,15.0999,1.8,0.625776,1.39116,1.00016,0.377015,78.5661,2,1.99473,597.257,1,68.5772,6.88905,11.1601,3.9885,1.40525,1.76639,"1,544.00",99.7759
2/23/16,68.5886,104.771,6.5262,0.29971,3.67302,144.139,0.995045,0.907149,125.174,106.596,158.944,2.70255,15.2772,1.8,0.620912,1.38335,1.00005,0.377015,78.513,2,1.99501,596.129,1,68.5793,6.88969,11.1094,3.95378,1.40468,1.77424,"1,568.52",100.108
2/24/16,68.5556,104.531,6.5262,0.3,3.67305,144.026,0.99126,0.908463,125.397,106.871,158.944,2.70255,15.3032,1.8,0.614598,1.39194,1.00128,0.37699,78.3898,2,1.99253,598.648,1,68.5503,6.86659,11.0938,3.96553,1.40569,1.77669,"1,564.11",100.279
2/25/16,68.6439,104.284,6.5262,0.300245,3.67306,143.763,0.9899,0.907182,125.278,107.262,158.944,2.70255,15.3539,1.8,0.613536,1.39052,1.00294,0.376985,78.2251,2,1.98925,593.629,1,68.6758,6.84422,11.1583,3.95181,1.40211,1.77451,"1,553.09",100.242
2/26/16,68.7405,104.537,6.5262,0.3006,3.67307,144.306,0.99194,0.908517,125.437,107.587,158.944,2.70255,15.4432,1.8,0.61383,1.38823,1.00108,0.37695,78.3674,2,1.9929,598.671,1,68.761,6.8632,11.2383,3.96541,1.40012,1.7764,"1,567.18",100.035
2/27/16,68.741,105.48,6.5374,0.30057,3.67295,145.88,0.996665,0.914691,126.62,108.565,158.945,2.70255,15.567,1.8,0.61383,1.40293,0.991611,0.377215,79.143,2,2.01195,600.13,1,68.7998,6.9284,11.3825,3.99476,1.41195,1.78808,"1,583.35",100.88
2/28/16,68.741,104.65,6.5374,0.30078,3.67295,144.5,0.99668,0.914704,126.15,108.355,158.945,2.70255,15.5778,1.8,0.610339,1.40295,1.0025,0.377,78.455,2,1.99735,590.8,1,68.7,6.87,11.2448,3.994,1.4028,1.78808,"1,554.80",100.45
2/29/16,68.4856,105.133,6.5543,0.301005,3.67296,145.256,0.99817,0.91675,126.806,108.328,158.945,2.70255,15.5828,1.8,0.610484,1.40137,0.99549,0.3779,78.8171,2,2.00416,603.361,1,68.4344,6.9007,11.4147,3.99124,1.40957,1.79318,"1,574.03",101.184
3/1/16,67.9761,104.756,6.5543,0.30066,3.67304,144.625,0.998415,0.919739,126.971,108.674,158.945,2.70255,15.8346,1.8,0.613356,1.39858,0.999534,0.37697,78.4934,2,1.99605,604.521,1,67.9733,6.86476,11.4024,3.99545,1.40485,1.79938,"1,573.69",101.529
3/2/16,67.5744,104.797,6.5543,0.30073,3.673,144.649,0.998045,0.920874,126.99,108.87,158.945,2.70255,15.7454,1.8,0.615633,1.38319,0.999499,0.376985,78.4903,2,1.99607,606.848,1,67.5486,6.85323,11.3262,3.91535,1.40219,1.80122,"1,570.86",101.525
3/3/16,67.3033,104.643,6.5543,0.30077,3.67303,144.505,0.995235,0.918109,126.798,108.907,158.945,2.70255,15.5549,1.8,0.620318,1.36543,1.00066,0.376985,78.4115,2,1.99372,606.157,1,67.2825,6.84571,11.3015,3.86543,1.39722,1.79566,"1,556.49",101.47
3/4/16,67.1585,104.326,6.5543,0.300605,3.67307,144.129,0.992615,0.911747,125.936,108.827,158.945,2.70255,15.2078,1.8,0.62342,1.35458,1.00446,0.37699,78.1545,2,1.98619,601.908,1,67.1176,6.81955,11.2372,3.7713,1.38173,1.78249,"1,556.81",100.591
3/5/16,67.008,104.8,6.518,0.30039,3.67285,144.6,0.992975,0.908632,125.43,108.635,158.946,2.70255,15.1858,1.8,0.625703,1.34406,1.00211,0.377035,78.331,2,1.99085,595.95,1,66.989,6.8357,11.2375,3.75879,1.3785,1.77787,"1,566.75",100.18
3/6/16,67.008,104.75,6.52255,0.30039,3.673,144.6,0.99297,0.908637,125.43,108.635,158.946,2.70255,15.1912,1.8,0.625509,1.344,1.00211,0.377035,78.331,2,1.99085,595.95,1,66.989,6.8357,11.2375,3.75865,1.3785,1.77787,"1,566.75",100.18
3/7/16,67.1193,104.636,6.5178,0.30086,3.67303,144.859,0.99626,0.910461,125.726,108.867,158.946,2.70255,15.2658,1.8,0.6242,1.34643,1.00088,0.376915,78.4236,2,1.99335,597.576,1,67.0537,6.84425,11.2109,3.76743,1.38074,1.78089,"1,553.55",100.451
3/8/16,67.3514,104.396,6.5178,0.30055,3.67305,144.534,0.993925,0.907417,125.283,108.697,158.946,2.70255,15.4144,1.8,0.625254,1.3434,1.00313,0.376995,78.2272,2,1.98888,595.549,1,67.2948,6.82384,11.1354,3.77698,1.37901,1.77508,"1,543.49",100.113
3/9/16,67.2826,104.825,6.5178,0.30074,3.67301,145.053,0.99791,0.910133,125.629,108.766,158.946,2.70255,15.4136,1.8,0.624112,1.34001,0.999221,0.37699,78.523,2,1.99662,597.026,1,67.2636,6.84558,11.1761,3.73396,1.38526,1.78025,"1,565.16",100.351
3/10/16,67.125,104.644,6.51035,0.30085,3.67299,144.91,0.99465,0.907042,125.644,109.388,158.946,2.70255,15.3544,1.8,0.624785,1.33872,1.00078,0.37702,78.3615,2,1.9935,597.324,1,67.1434,6.83513,11.1263,3.67046,1.38172,1.77263,"1,561.94",100.414
3/11/16,67.1157,103.582,6.4945,0.30071,3.673,143.534,0.98474,0.896612,123.683,110.087,158.946,2.70255,15.211,1.8,0.628757,1.33228,1.01063,0.37695,77.5917,2,1.97402,588.145,1,67.0887,6.76844,10.9639,3.61452,1.36404,1.75357,"1,536.77",98.879
3/12/16,66.946,104.275,6.4945,0.3011,3.67275,144.5,0.982585,0.896937,123.735,109.585,158.946,2.70255,15.2635,1.8,0.632011,1.32203,1.00383,0.37696,78.16,2,1.9875,588.45,1,66.9725,6.8143,11.0205,3.58282,1.36995,1.75406,"1,544.35",98.918
3/13/16,66.946,104.72,6.45585,0.3011,3.67275,144.975,0.98258,0.896942,123.745,110.8,158.946,2.70255,15.2841,1.8,0.631573,1.32198,1.0025,0.3768,78.445,2,1.9975,582.44,1,67.05,6.84,11.1073,3.609,1.376,1.75406,"1,554.80",99.65
3/14/16,67.0727,104.427,6.50035,0.300825,3.67305,144.634,0.985375,0.898429,123.721,110.056,158.946,2.70255,14.9043,1.8,0.630815,1.32622,1.00277,0.37651,78.2446,2,1.98956,592.236,1,67.0748,6.82188,11.0695,3.60193,1.37129,1.75756,"1,555.20",99.2738
3/15/16,67.3421,104.699,6.5137,0.300925,3.67299,144.968,0.98695,0.900589,123.951,110.088,158.946,2.70255,14.7144,1.8,0.624715,1.33744,1.00024,0.37698,78.4177,2,1.99465,594.129,1,67.2844,6.83472,11.1858,3.68884,1.37651,1.76132,"1,567.23",99.6745
3/16/16,67.3484,104.698,6.52025,0.30112,3.67301,144.924,0.98704,0.900418,124.088,110.215,158.946,2.70255,14.5252,1.8,0.619703,1.33991,1.00082,0.377,78.3461,2,1.99354,599.823,1,67.2818,6.82525,11.3262,3.77552,1.37948,1.76077,"1,562.66",99.4267
3/17/16,66.6872,103.989,6.4752,0.30075,3.67299,144.175,0.97277,0.887315,122.825,110.106,158.946,2.70255,14.6503,1.8,0.628707,1.31373,1.00619,0.37701,77.9128,2,1.98272,585.558,1,66.7143,6.78821,11.2337,3.70623,1.36189,1.73623,"1,551.20",97.879
3/18/16,66.4798,104.73,6.4687,0.30066,3.67295,145.117,0.967885,0.885359,122.269,109.966,158.946,2.70255,14.8838,1.8,0.634327,1.31054,0.999925,0.377005,78.4013,2,1.9952,582.423,1,66.4659,6.83087,11.096,3.61972,1.35459,1.73118,"1,566.06",97.4856
3/19/16,66.431,104.73,6.4701,0.30065,3.6728,145.17,0.96939,0.887268,122.808,110.074,158.946,2.70255,14.8434,1.8,0.63451,1.31534,0.999503,0.377035,78.4235,2,1.99598,582.24,1,66.3834,6.83338,11.1046,3.62499,1.3563,1.7355,"1,551.09",97.8334
3/20/16,66.431,104.71,6.46755,0.30065,3.6728,145.175,0.96939,0.887268,122.815,110.12,158.946,2.70255,14.7758,1.8,0.634209,1.31534,0.999473,0.37702,78.426,2,1.99605,582.04,1,66.3835,6.8336,11.1049,3.62475,1.35635,1.73507,"1,550.85",97.84
3/21/16,66.4989,104.712,6.4863,0.30094,3.67298,145.286,0.96963,0.887788,122.727,109.989,159.901,2.70255,14.7236,1.8,0.631533,1.31697,0.999567,0.37698,78.3873,2,1.99592,585.312,1,66.4917,6.8331,11.099,3.62039,1.35719,1.73644,"1,555.57",97.9708
3/22/16,66.6183,104.703,6.49,0.301165,3.67295,145.577,0.97072,0.890479,122.843,109.947,159.901,2.70255,14.4215,1.8,0.626408,1.31595,0.99857,0.37704,78.4415,2,1.99794,589.182,1,66.6262,6.83973,11.0976,3.61224,1.36137,1.74126,"1,562.68",98.3216
3/23/16,66.8494,104.781,6.50715,0.301645,3.67298,145.463,0.974325,0.89322,123.305,109.965,159.901,2.70255,14.4067,1.8,0.620463,1.31804,0.999568,0.37701,78.4008,2,1.99603,588.56,1,66.8026,6.83394,11.0798,3.60905,1.36183,1.74665,"1,569.62",98.3942
3/24/16,66.9273,104.823,6.52175,0.30207,3.67297,146.471,0.97569,0.895159,123.745,109.999,159.901,2.70255,14.5008,1.8,0.617852,1.33112,0.999289,0.37702,78.3739,2,1.99662,587.437,1,66.8927,6.83427,11.0952,3.68734,1.36715,1.75046,"1,554.00",98.6046
3/25/16,66.9326,104.617,6.5059,0.30199,3.67292,146.845,0.97704,0.895548,123.793,110.052,159.901,2.70255,14.4884,1.8,0.617722,1.32985,1.0013,0.377175,78.3287,2,2.00744,587.678,1,66.8783,6.82113,11.1775,3.68311,1.367,1.74972,"1,561.38",98.7391
3/26/16,66.905,104.615,6.5115,0.30198,3.6729,146.845,0.97748,0.895472,123.79,110.075,159.901,2.70255,14.5176,1.8,0.617671,1.33198,1.0013,0.377275,78.329,2,2.00745,587.46,1,66.8452,6.82115,11.1776,3.68878,1.367,1.74987,"1,561.35",98.742
3/27/16,66.905,104.615,6.5278,0.30198,3.6729,146.86,0.97748,0.895472,123.79,110.085,159.901,2.70255,14.52,1.8,0.619406,1.33198,1.0013,0.37734,78.322,2,2.00745,587.46,1,66.845,6.8205,11.1776,3.68915,1.367,1.74987,"1,561.35",98.744
3/28/16,66.819,104.618,6.50265,0.30198,3.6729,146.865,0.976135,0.894738,123.794,110.088,159.901,2.70255,14.4983,1.8,0.621965,1.32854,1.00127,0.37734,78.3248,2,2.00753,587.498,1,66.7637,6.82078,11.1779,3.68796,1.36705,1.75051,"1,561.41",98.46
3/29/16,66.6694,104.486,6.48885,0.30208,3.67297,147.199,0.973055,0.891881,123.503,109.61,159.901,2.70255,14.6693,1.8,0.62738,1.32286,1.00269,0.37669,78.2011,2,1.9979,586.436,1,66.5181,6.8119,11.154,3.63825,1.36459,1.74713,"1,557.64",98.4031
3/30/16,66.2212,104.623,6.4659,0.302035,3.67298,148.278,0.964915,0.883935,123.167,109.09,160.668,2.70255,14.6271,1.8,0.62849,1.30649,1.00084,0.377015,78.3565,2,1.99588,585.218,1,66.285,6.82441,11.0812,3.62935,1.36038,1.72961,"1,558.83",98.0349
3/31/16,66.1773,104.619,6.44935,0.30195,3.67296,148.918,0.962675,0.880588,122.348,108.655,160.668,2.70255,14.6162,1.8,0.626684,1.30397,1.00109,0.376975,78.3768,2,1.99287,578.695,1,66.2733,6.82345,10.9521,3.59274,1.351,1.72499,"1,553.91",97.2866
4/1/16,66.2777,104.707,6.47393,0.301825,3.67301,147.24,0.96,0.878268,122.051,108.339,160.668,2.70255,14.7051,1.8,0.624327,1.30452,1.00032,0.37695,78.3693,2,1.99444,579.563,1,66.3315,6.82177,10.8805,3.58489,1.34837,1.7181,"1,562.88",97.2613
4/2/16,66.157,104.8,6.48219,0.3026,3.67265,146.35,0.95808,0.877833,122.051,108.2,160.668,2.70255,14.784,1.8,0.621639,1.30231,1.0025,0.37696,78.325,2,1.9975,574.89,1,66.23,6.82,10.854,3.55354,1.3458,1.71638,"1,540.20",96.75
4/3/16,66.157,104.8,6.48209,0.3019,3.673,146.28,0.95808,0.877833,122.1,108.199,160.668,2.70255,14.784,1.8,0.621525,1.30231,0.999869,0.37696,78.362,2,1.99535,585,1,66.3057,6.8214,10.836,3.55384,1.34755,1.71651,"1,565.00",97.76
4/4/16,66.1466,104.778,6.47569,0.301715,3.67298,145.822,0.959005,0.878028,121.913,108.139,160.668,2.70255,14.7589,1.8,0.622559,1.31029,0.999437,0.37697,78.3743,2,1.99613,578.235,1,66.1685,6.82416,10.8543,3.57109,1.3505,1.71787,"1,564.84",96.8402
4/5/16,66.3158,104.545,6.47497,0.301725,3.67304,144.711,0.958105,0.878661,121.963,108.159,160.668,2.70255,14.7053,1.8,0.621226,1.32248,1.00128,0.377,78.1944,2,1.99252,579.745,1,66.3243,6.81119,10.886,3.63729,1.35321,1.71867,"1,557.36",96.9578
4/6/16,66.5219,104.64,6.47987,0.30177,3.67304,144.322,0.9574,0.878932,122.053,108.178,160.668,2.70255,14.6755,1.8,0.61612,1.32231,1.00129,0.37702,78.2638,2,1.99255,585.982,1,66.5464,6.79727,10.9675,3.674,1.3552,1.719,"1,554.00",97.2999
4/7/16,66.5641,104.435,6.47014,0.30162,3.67301,144.377,0.95566,0.877951,122.307,108.027,162.892,2.70255,14.5704,1.8,0.614364,1.32203,1.00159,0.37702,78.313,2,1.99189,579.368,1,66.584,6.77907,11.0051,3.65932,1.35143,1.71708,"1,557.55",97.0136
4/8/16,66.6285,104.695,6.47064,0.301615,3.673,144.83,0.955675,0.878762,122.22,108.094,162.892,2.70255,14.4661,1.8,0.614003,1.3263,0.999915,0.377025,78.4239,2,1.99521,579.034,1,66.6264,6.79078,11.0063,3.66145,1.35041,1.71907,"1,564.28",96.8622
4/9/16,66.595,104.75,6.46431,0.3016,3.6731,144.78,0.953705,0.877355,122.995,108.11,162.892,2.70255,14.47,1.8,0.615622,1.32374,0.999815,0.37711,78.411,2,1.9954,584,1,66.5504,6.7914,10.991,3.58955,1.3502,1.71573,"1,555.00",96.5
4/10/16,66.595,104.75,6.46389,0.3016,3.6731,144.78,0.953705,0.877355,122.995,108.106,162.892,2.70255,14.4681,1.8,0.615604,1.32374,0.999815,0.37711,78.411,2,1.9954,584,1,66.5495,6.7914,10.991,3.5895,1.3502,1.7157,"1,555.00",96.5
4/11/16,66.4774,104.537,6.46048,0.301285,3.67303,144.531,0.95364,0.876597,121.662,108.023,162.892,2.70255,14.4685,1.8,0.617919,1.32056,1.00184,0.37689,78.2378,2,1.99143,578.889,1,66.4083,6.77721,10.9021,3.55999,1.34541,1.71483,"1,560.26",96.6471
4/12/16,66.3782,104.761,6.46397,0.3013,3.67301,144.835,0.95436,0.87692,121.56,108.117,162.892,2.70255,14.5161,1.8,0.620833,1.30892,1.00085,0.377,78.3475,2,1.99337,583.139,1,66.3939,6.78458,10.8262,3.50144,1.34453,1.71519,"1,567.16",96.6193
4/13/16,66.4385,104.838,6.4707,0.301585,3.67302,145.721,0.96062,0.882468,122.178,108.52,162.892,2.70255,14.4683,1.79025,0.620226,1.30391,0.999026,0.377005,78.49,2,1.99706,582.362,1,66.4632,6.79171,10.8442,3.49873,1.34879,1.7251,"1,565.16",97.1918
4/14/16,66.5864,104.728,6.48242,0.30174,3.67308,146.334,0.96671,0.887694,122.623,108.798,162.892,2.70255,14.3727,1.8,0.615921,1.30258,0.999095,0.377005,78.4588,2,1.99699,589.361,1,66.5979,6.78683,10.8264,3.49747,1.35698,1.73622,"1,560.34",97.6365
4/15/16,66.5594,104.7,6.48023,0.30171,3.67356,145.657,0.967225,0.887016,123.143,108.863,165.882,2.70255,14.2809,1.8,0.615591,1.29726,1.0002,0.377005,78.3794,2,1.9947,584.243,1,66.5764,6.76973,10.791,3.49355,1.3604,1.73493,"1,560.18",97.6452
4/16/16,66.591,104.75,6.47805,0.30171,3.673,145.07,0.96783,0.88625,122.765,108.92,165.882,2.70255,14.036,1.79,0.616808,1.29461,1.0025,0.37701,78.395,2,1.9975,581.97,1,66.6512,6.78,10.7953,3.53642,1.3597,1.73207,"1,565.00",97.6452
4/17/16,66.591,104.71,6.47708,0.30167,3.673,144.99,0.96783,0.88625,125.7,108.92,165.882,2.70255,14.0337,1.8,0.616825,1.29461,1.00084,0.377025,78.3465,2,1.9934,588,1,66.651,6.7549,10.7961,3.5387,1.35735,1.73207,"1,565.00",97.775
4/18/16,66.5829,104.62,6.47619,0.30178,3.67313,144.997,0.965675,0.884799,122.903,108.847,165.882,2.70255,14.0656,1.8,0.617048,1.299,1.00117,0.376845,78.2971,2,1.99272,580.203,1,66.5547,6.82203,10.793,3.55138,1.35542,1.72994,"1,557.24",97.6226
4/19/16,66.3376,104.737,6.46839,0.301625,3.67302,145.649,0.962605,0.881842,122.276,108.772,165.882,2.70255,14.1341,1.8,0.623228,1.28409,1.00004,0.37698,78.3641,2,1.99486,579.372,1,66.2947,6.90904,10.686,3.58892,1.34923,1.72522,"1,557.32",97.4716
4/20/16,66.2371,104.593,6.46592,0.30158,3.67305,146.061,0.9638,0.881108,121.781,108.772,165.882,2.70255,14.2065,1.8,0.625101,1.28175,1.00124,0.377,78.3058,2,1.99258,579.866,1,66.2038,6.90136,10.6493,3.53356,1.33951,1.72215,"1,548.91",96.7242
4/21/16,66.3177,105.046,6.47748,0.301675,3.67302,146.873,0.97165,0.884791,122.042,109.06,165.882,2.70255,14.3451,1.8,0.623692,1.28382,0.996908,0.376965,78.656,2,2.0013,583.438,1,66.3194,6.93378,10.6878,3.53028,1.34669,1.73043,"1,562.30",97.4421
4/22/16,66.5767,104.831,6.49125,0.30177,3.67303,146.461,0.97599,0.887292,122.329,109.272,165.882,2.70255,14.3062,1.8,0.624767,1.29232,0.999403,0.376995,78.4283,2,1.99625,582.562,1,66.5617,6.91972,10.6946,3.54786,1.34805,1.73427,"1,560.26",97.7997
4/23/16,66.726,104.8,6.4985,0.3016,3.673,146.135,0.97848,0.890908,122.5,109.46,165.882,2.70255,14.321,1.8,0.626429,1.2971,1.00073,0.377015,78.325,2,1.99365,585,1,66.6609,6.91035,10.6995,3.56828,1.34805,1.74126,"1,560.00",98.175
4/24/16,66.726,104.8,6.49934,0.3016,3.673,146.34,0.97848,0.890908,122.5,109.46,165.882,2.70255,14.325,1.8,0.626684,1.2971,1.00073,0.377015,78.325,2,1.99365,585,1,66.6605,6.91035,10.6995,3.56825,1.34805,1.74126,"1,560.00",98.175
4/25/16,66.7369,104.941,6.49901,0.3028,3.67297,146.1,0.976105,0.888845,122.5,110.15,165.882,2.70255,14.314,1.8,0.628589,1.29702,0.998441,0.376915,78.4988,2,1.99815,585.658,1,66.6818,6.92591,10.7534,3.56042,1.35282,1.73931,"1,563.74",97.9316
4/26/16,66.6367,104.711,6.4935,0.30179,3.67295,146.388,0.97431,0.886273,122.258,109.21,165.882,2.70255,14.3129,1.8,0.632311,1.29392,1.00057,0.37708,78.3302,2,1.99396,584.607,1,66.5852,6.91138,10.7526,3.54447,1.35189,1.73287,"1,561.62",97.7829
4/27/16,66.5155,104.689,6.49252,0.301805,3.67298,146.29,0.97263,0.88413,122.098,109.177,165.882,2.70255,14.2885,1.8,0.633706,1.30963,1.00101,0.37697,78.3411,2,1.99308,583.597,1,66.4734,6.90877,10.7265,3.52665,1.34945,1.72951,"1,560.67",97.4869
4/28/16,66.4359,104.714,6.48411,0.30155,3.67297,146.117,0.968835,0.882087,121.912,109.18,165.882,2.70255,14.2403,1.8,0.633782,1.31278,1.00087,0.37696,78.3841,2,1.9934,582.416,1,66.4339,6.90997,10.7052,3.51388,1.3458,1.7257,"1,557.07",97.2885
4/29/16,66.4834,104.76,6.47778,0.30131,3.67296,145.878,0.962665,0.877043,121.549,109.133,165.882,2.70255,14.3069,1.8,0.636244,1.31081,1.00064,0.37697,78.3911,2,1.99375,580.979,1,66.4419,6.91115,10.6525,3.47306,1.34259,1.71632,"1,558.05",96.8788
4/30/16,66.515,104.753,6.47378,0.301715,3.6729,145.608,0.959385,0.873455,121.077,109.105,165.882,2.70255,14.2889,1.8,0.635746,1.31479,1.00141,0.37711,78.3401,2,1.99226,585.636,1,66.424,6.90573,10.5956,3.43624,1.34026,1.70976,"1,559.75",96.3924
5/1/16,66.515,104.85,6.47438,0.3015,3.67265,146.23,0.959385,0.873455,121.1,109.84,165.882,2.70255,14.2507,1.8,0.635106,1.31479,1.0025,0.3771,78.425,2,1.9975,574.79,1,66.424,6.915,10.6458,3.43625,1.3433,1.70935,"1,542.05",96.65
5/2/16,66.4648,104.47,6.45955,0.30077,3.67299,145.536,0.957555,0.87069,120.76,108.901,165.882,2.70255,14.2478,1.8,0.636397,1.31143,1.00311,0.37634,78.202,2,1.98896,571.954,1,66.3813,6.89441,10.5753,3.45969,1.33796,1.70421,"1,555.18",96.1443
5/3/16,66.4471,104.574,6.48047,0.30059,3.67295,145.625,0.95213,0.866394,119.891,108.691,165.882,2.70255,14.1872,1.8,0.636405,1.31859,1.00203,0.37697,78.2623,2,1.99106,567.979,1,66.3984,6.90131,10.6154,3.52266,1.34089,1.69459,"1,553.30",95.4749
5/4/16,66.6634,105.137,6.49733,0.3008,3.67304,146.305,0.955965,0.870167,120.144,108.889,165.882,2.70255,14.2077,1.8,0.631032,1.33663,0.996144,0.377,78.714,2,2.00275,574.091,1,66.6021,6.94178,10.7756,3.55267,1.35569,1.70181,"1,563.26",95.8312
5/5/16,66.6183,104.71,6.50237,0.30068,3.67305,146.035,0.96221,0.873466,120.738,109.107,165.882,2.70255,14.2444,1.8,0.630397,1.33733,0.999924,0.37699,78.4198,2,1.99524,575.619,1,66.5641,6.9157,10.8768,3.54293,1.35901,1.7077,"1,560.35",96.2231
5/6/16,66.6221,104.782,6.50188,0.30056,3.67302,146.154,0.96893,0.876267,121.096,109.205,165.882,2.70255,14.2338,1.8,0.629729,1.35296,0.998946,0.37698,78.4793,2,1.9972,578.354,1,66.5814,6.91791,10.9306,3.53048,1.36081,1.71358,"1,561.88",96.5874
5/7/16,66.659,104.7,6.49849,0.30018,3.67298,145.855,0.972605,0.876855,120.81,109.295,165.882,2.70255,14.224,1.79025,0.627884,1.35733,1.00026,0.37698,78.382,2,1.99455,584.5,1,66.5978,6.9035,10.897,3.50406,1.35835,1.71367,"1,560.81",96.4
5/8/16,66.659,104.7,6.49909,0.30015,3.673,145.855,0.972605,0.876855,120.81,109.295,165.882,2.70255,14.2258,1.8,0.627776,1.35733,1.00026,0.377035,78.382,2,1.99455,584.5,1,66.598,6.9035,10.897,3.504,1.35835,1.71367,"1,561.00",96.4
5/9/16,66.6458,104.88,6.50839,0.301005,3.67301,146.201,0.97101,0.877609,121.239,109.316,165.882,2.70255,14.2365,1.8,0.627425,1.3612,0.998097,0.37711,78.5423,2,1.99885,579.427,1,66.5828,6.91831,10.9258,3.51572,1.36443,1.71565,"1,567.22",96.7495
5/10/16,66.7304,104.665,6.51754,0.301285,3.67298,145.967,0.972955,0.87865,121.34,109.345,165.882,2.70255,14.2283,1.8,0.62792,1.36267,0.99987,0.377,78.3986,2,1.99517,582.177,1,66.6732,6.90065,10.9715,3.50174,1.36798,1.71829,"1,559.87",96.8162
5/11/16,66.6818,104.638,6.50629,0.30142,3.67299,145.928,0.973265,0.877197,121.691,109.337,165.882,2.70255,14.2225,1.8,0.628946,1.35725,1.00072,0.37698,78.3328,2,2.00038,579.576,1,66.6417,6.88752,11.007,3.46796,1.36872,1.7162,"1,559.68",96.8197
5/12/16,66.6519,104.498,6.50835,0.30145,3.673,145.788,0.970335,0.876716,121.338,109.278,165.882,2.70255,14.1954,1.8,0.629101,1.36246,1.00193,0.376975,78.3494,2,2.00617,578.305,1,66.6355,6.8764,10.9398,3.45974,1.36665,1.71428,"1,563.38",96.562
5/13/16,66.8374,104.769,6.52384,0.30149,3.67304,146.147,0.972865,0.881675,121.929,109.451,165.882,2.70255,14.186,1.79025,0.627089,1.37191,0.999368,0.37698,78.6967,2,2.01132,580.476,1,66.8294,6.89444,10.9722,3.48633,1.37097,1.72384,"1,566.41",96.8707
5/14/16,66.984,104.675,6.5327,0.30145,3.67295,146.275,0.97545,0.884322,122.375,109.363,165.882,2.70255,14.156,1.79025,0.625923,1.37565,0.999368,0.37703,78.725,2,1.9975,585.5,1,66.9603,6.895,10.9732,3.5324,1.3709,1.72899,"1,556.00",96.75
5/15/16,66.984,104.675,6.53263,0.30145,3.67295,146.085,0.97545,0.884322,122.375,109.35,165.882,2.70255,14.1562,1.8,0.624949,1.37565,1.0004,0.37703,78.615,2,2.00925,585.5,1,66.958,6.8875,11.003,3.5324,1.3699,1.72898,"1,556.00",96.75
5/16/16,66.85,104.82,6.52904,0.30165,3.67299,146.504,0.97633,0.883549,122.118,109.605,165.882,2.70255,14.1533,1.8,0.625522,1.37243,0.998653,0.37691,78.7914,2,2.00558,579.47,1,66.8398,6.90165,11.0847,3.52142,1.37189,1.72784,"1,565.29",97.4054
5/17/16,66.8097,104.743,6.52167,0.301675,3.67301,146.545,0.977975,0.88322,122.282,109.639,165.882,2.70255,14.1558,1.8,0.631864,1.3646,0.999711,0.376975,78.7202,2,2.00238,580.985,1,66.799,6.89543,11.1625,3.49889,1.36986,1.72702,"1,568.31",97.3123
5/18/16,66.9886,104.763,6.53271,0.30182,3.67301,146.029,0.98269,0.886619,122.394,109.822,165.882,2.70255,14.1372,1.8,0.631387,1.37361,1.00009,0.376985,78.6431,2,2.0099,584.435,1,66.9547,6.88958,11.1999,3.50897,1.37249,1.73289,"1,564.79",97.4668
5/19/16,67.3712,104.992,6.54401,0.302005,3.67295,146.439,0.988675,0.891865,122.964,110.094,165.882,2.70255,14.1225,1.8,0.635572,1.38631,0.997667,0.377,78.8296,2,2.01483,586.693,1,67.34,6.9062,11.2677,3.56888,1.3812,1.74418,"1,563.15",98.085
5/20/16,67.4665,104.751,6.54648,0.302095,3.67302,146.823,0.991065,0.89191,123.282,110.292,165.882,2.70255,14.0919,1.79025,0.634931,1.38328,0.999965,0.37708,78.662,2,2.01013,588.134,1,67.448,6.89098,11.2596,3.56134,1.38077,1.74553,"1,563.85",98.3171
5/21/16,67.413,104.7,6.54648,0.30216,3.67295,146.9,0.99024,0.891015,123.282,110.78,165.882,2.70255,14.078,1.79025,0.634931,1.38461,0.999965,0.3767,78.455,2,1.9975,584.85,1,67.35,6.885,11.2448,3.56134,1.3812,1.7443,"1,556.00",98.3171
5/22/16,67.413,104.7,6.5474,0.30216,3.673,146.82,0.99024,0.891015,123.1,110.191,165.882,2.70255,14.0973,1.8,0.633816,1.38461,0.999896,0.37708,78.655,2,2.01035,595.5,1,67.4282,6.89045,11.2505,3.5667,1.3825,1.74344,"1,556.00",97.85
5/23/16,67.4794,105.03,6.55055,0.302065,3.67296,146.874,0.990335,0.891488,123.082,110.206,165.883,2.70255,14.0544,1.8,0.631313,1.38396,1.00058,0.37704,78.6068,2,2.00896,588.457,1,67.425,6.88589,11.2189,3.55518,1.38071,1.7441,"1,563.46",98.1088
5/24/16,67.6883,104.731,6.55553,0.30202,3.67302,146.882,0.991545,0.894214,123.306,110.31,165.883,2.70255,14.004,1.8,0.633609,1.39152,1.00063,0.37698,78.6019,2,2.00874,588.532,1,67.6294,6.88574,11.1888,3.56732,1.38082,1.74823,"1,560.13",98.2741
5/25/16,67.5016,104.978,6.55901,0.30211,3.673,147.075,0.991885,0.896981,123.983,110.398,165.883,2.70255,14.0418,1.8,0.637846,1.38969,0.997861,0.376995,78.8186,2,2.01436,592.817,1,67.4409,6.90493,11.2327,3.5773,1.38409,1.75447,"1,561.99",98.8872
5/26/16,67.1556,104.713,6.55666,0.302105,3.67295,146.738,0.99011,0.894598,123.869,110.318,165.883,2.70255,14.0472,1.8,0.639979,1.38711,1.00071,0.376995,78.5994,2,2.0086,591.394,1,67.1554,6.88561,11.1837,3.58177,1.37643,1.75033,"1,556.78",98.7944
5/27/16,67.0229,104.675,6.56011,0.30214,3.67304,146.943,0.990855,0.895516,123.606,110.31,165.883,2.70255,13.9894,1.8,0.638474,1.38666,1.00079,0.377,78.5974,2,2.0085,591.202,1,67.0051,6.88512,11.1426,3.59418,1.37405,1.75014,"1,557.61",98.5168
5/28/16,67.078,104.65,6.5657,0.3023,3.6731,147.16,0.994725,0.89979,124.1,110.423,165.883,2.70255,13.91,1.8,0.637247,1.39184,1.00028,0.37725,78.641,2,2.00955,598,1,67.0335,6.8886,11.152,3.61379,1.3746,1.75854,"1,561.00",98.7
5/29/16,67.078,104.65,6.56564,0.3022,3.6731,147.5,0.994725,0.89979,124.1,110.423,165.883,2.70255,13.9092,1.8,0.637335,1.39184,1.00028,0.37725,78.641,2,2.00955,598,1,67.0329,6.8886,11.152,3.61343,1.3746,1.7587,"1,561.00",98.7
5/30/16,67.2035,105.156,6.58344,0.30239,3.67297,147.982,0.99369,0.898958,124.317,110.493,165.883,2.70255,13.9205,1.8,0.637268,1.39336,0.996771,0.377125,78.9115,2,2.01663,589.715,1,67.1941,6.91263,11.2294,3.60335,1.38244,1.75781,"1,567.27",99.1304
5/31/16,67.2137,104.767,6.58253,0.30224,3.67302,147.959,0.99202,0.897509,124.002,110.45,165.883,2.70255,13.9714,1.8,0.636422,1.38316,1.00066,0.37702,78.5947,2,2.00875,592.001,1,67.1852,6.88983,11.2372,3.58174,1.37917,1.7553,"1,564.76",98.9743
6/1/16,67.4021,104.876,6.58278,0.302275,3.67304,148.416,0.991255,0.89678,123.96,110.395,165.883,2.70255,13.9742,1.8,0.629131,1.37817,0.99917,0.376985,78.7189,2,2.01167,592.082,1,67.3488,6.90138,11.2406,3.59206,1.37889,1.75439,"1,561.24",98.8373
6/2/16,67.3524,104.588,6.5804,0.302135,3.67306,147.911,0.98836,0.89407,123.558,110.38,165.883,2.70255,13.9519,1.8,0.628143,1.38293,1.00126,0.377015,78.5671,2,2.00754,590.484,1,67.32,6.88288,11.1709,3.5924,1.37461,1.74826,"1,556.01",98.6038
6/3/16,67.136,104.926,6.57866,0.302095,3.67305,148.009,0.98605,0.891651,123.586,110.226,165.883,2.70255,13.8987,1.8,0.62921,1.37465,0.997856,0.376995,78.811,2,2.01439,588.096,1,67.1252,6.90503,11.1974,3.56499,1.37931,1.74501,"1,561.36",98.6026
6/4/16,66.81,104.7,6.56679,0.302095,3.67295,147.15,0.9758,0.879759,123.586,110.453,165.883,2.70255,13.909,1.8,0.631614,1.35747,1.0025,0.37716,78.705,2,2.0075,588.096,1,66.7809,6.885,11.1694,3.52914,1.37931,1.72332,"1,561.36",99.05
6/5/16,66.81,104.75,6.56785,0.3021,3.6731,147.395,0.9758,0.879759,122.55,110.453,165.883,2.70255,13.911,1.8,0.631476,1.35747,1.00022,0.37716,78.6235,2,2.0096,587,1,66.781,6.8886,11.1845,3.5291,1.37665,1.72332,"1,560.00",97.275
6/6/16,66.8972,103.591,6.57006,0.30144,3.67304,145.315,0.974505,0.880809,121.942,109.919,165.885,2.70255,13.8732,1.8,0.627589,1.36006,1.01,0.377215,77.8664,2,1.99023,580.609,1,66.8812,6.8216,10.9648,3.51631,1.35535,1.72284,"1,545.12",97.1406
6/7/16,66.7672,104.497,6.56974,0.301385,3.67304,145.76,0.9683,0.880437,121.843,109.656,165.885,2.70255,13.7878,1.8,0.632155,1.34763,1.00146,0.377,78.5377,2,2.00715,580.135,1,66.763,6.88007,10.892,3.47938,1.35473,1.72205,"1,563.38",97.088
6/8/16,66.6337,104.596,6.56748,0.301215,3.67295,145.717,0.962655,0.878877,121.739,109.569,165.885,2.70255,13.8359,1.8,0.633034,1.34077,1.00017,0.377015,78.6311,2,2.00981,580.705,1,66.6291,6.88917,10.8531,3.4189,1.35163,1.71884,"1,560.13",96.877
6/9/16,66.6414,104.265,6.56189,0.301195,3.67296,145.433,0.960945,0.879914,121.728,109.577,165.885,2.70255,13.8756,1.8,0.630488,1.34157,1.00143,0.377005,78.5343,2,2.00711,578.923,1,66.652,6.88036,10.8397,3.37096,1.35013,1.72022,"1,563.60",96.9832
6/10/16,66.8127,104.358,6.5618,0.301265,3.67299,145.563,0.96404,0.88543,122.376,109.873,165.885,2.70255,13.8171,1.79,0.626513,1.35027,0.998723,0.37702,78.7511,2,2.01256,582.56,1,66.8346,6.89902,10.9043,3.41038,1.35567,1.73074,"1,564.43",97.6028
6/11/16,66.972,104.1,6.56262,0.3013,3.67295,144.925,0.96446,0.888778,122.275,109.977,165.885,2.70255,13.804,1.79,0.620443,1.35596,1.00065,0.377075,78.5975,2,2.00875,590.481,1,66.965,6.8857,10.9225,3.41999,1.3542,1.73725,"1,560.93",97.9
6/12/16,66.972,104.1,6.56262,0.3013,3.67295,144.925,0.96446,0.888778,122.275,109.977,165.885,2.70255,13.8038,1.79,0.620282,1.35596,1.00065,0.377075,78.5975,2,2.00875,590.5,1,66.965,6.8857,10.9225,3.41995,1.3542,1.73725,"1,561.00",97.9
6/13/16,67.076,104.508,6.58401,0.301335,3.673,145.209,0.96496,0.887674,122.732,109.971,165.885,2.70255,13.8051,1.8,0.617805,1.35344,0.997984,0.37708,78.7855,2,2.01413,585.26,1,67.0873,6.9038,10.9943,3.43846,1.35818,1.73581,"1,567.42",97.8635
6/14/16,67.2844,104.514,6.59093,0.301425,3.67303,144.692,0.96399,0.888988,122.567,110.136,165.885,2.70255,13.7869,1.8,0.615835,1.35681,1.00108,0.377025,78.5172,2,2.00786,589.597,1,67.239,6.88274,11.0327,3.48155,1.35472,1.73813,"1,564.31",97.7073
6/15/16,67.2313,104.645,6.5895,0.30148,3.67303,144.971,0.96376,0.890896,122.993,110.172,165.885,2.70255,13.7411,1.8,0.615675,1.35433,0.999702,0.377065,78.611,2,2.01066,588.963,1,67.1719,6.89276,11.0575,3.4759,1.35603,1.74264,"1,571.73",98.3287
6/16/16,67.2762,104.377,6.58637,0.301295,3.673,144.928,0.963045,0.890103,122.75,110.203,165.885,2.70255,13.7713,1.8,0.615634,1.35684,1.00102,0.37705,78.4913,2,2.00811,587.993,1,67.2382,6.88398,11.0412,3.47675,1.352,1.74067,"1,571.73",98.1855
6/17/16,67.199,104.8,6.58951,0.301195,3.673,144.853,0.9628,0.888289,122.609,110.185,165.885,2.70255,13.9035,1.8,0.620561,1.35372,1.00215,0.37706,78.4014,2,2.00575,586.713,1,67.1613,6.87609,11.0193,3.45265,1.34814,1.73737,"1,571.73",98.3034
6/18/16,67.096,104.53,6.5898,0.30163,3.673,144.975,0.95961,0.886812,122.15,109.805,165.885,2.70255,13.8893,1.8,0.6242,1.35228,1.00125,0.376795,78.4645,2,2.00755,589.896,1,67.0722,6.88165,10.994,3.41617,1.3485,1.73327,"1,571.73",97.7379
6/19/16,67.096,104.53,6.5898,0.30163,3.673,144.975,0.95961,0.886812,122.193,109.962,165.885,2.70255,13.884,1.8,0.624518,1.35228,1.00125,0.37671,78.4645,2,2.00755,584.908,1,67.0729,6.88165,10.994,3.41685,1.3485,1.73397,"1,655.39",97.7703
6/20/16,67.5167,104.281,6.56189,0.30087,3.67298,144.819,0.9602,0.882083,121.738,109.793,165.885,2.70255,13.8618,1.8,0.634856,1.34245,1.00381,0.376325,78.2004,2,2.00244,582.627,1,67.4385,6.86407,10.8992,3.40616,1.34201,1.72786,"1,665.70",97.4834
6/21/16,67.6936,104.769,6.5816,0.30093,3.67302,145.874,0.960695,0.884454,121.606,109.722,165.885,2.70255,13.8994,1.8,0.63793,1.33794,0.999373,0.3771,78.489,2,2.0114,582.975,1,67.5755,6.89457,10.8341,3.39436,1.3436,1.72942,"1,687.55",97.4274
6/22/16,67.6593,105.404,6.58943,0.30087,3.67299,147,0.96002,0.886717,122.381,109.962,165.886,2.70255,13.9543,1.8,0.63749,1.33656,0.99321,0.37707,78.9877,2,2.02375,583.181,1,67.6151,6.93719,10.8487,3.41533,1.35034,1.73742,"1,669.30",98.0332
6/23/16,67.4442,104.8,6.57985,0.30095,3.67315,146.9,0.957735,0.880747,121.15,110.12,165.886,2.70255,14.384,1.8,0.63749,1.32356,1.0025,0.37708,78.555,2,1.9975,576.6,1,67.5,6.885,10.7489,3.3392,1.3393,1.72495,"1,648.65",97
6/24/16,67.9424,105.031,6.61931,0.30185,3.67296,147.169,0.97075,0.897573,123.315,110.248,165.886,2.70255,14.5953,1.8,0.596038,1.34127,0.998223,0.377075,78.6286,2,2.01377,589.156,1,67.9204,6.90237,10.9036,3.36171,1.3494,1.76326,"1,687.76",98.3513
6/25/16,68.054,104.135,6.62069,0.3019,3.6731,146.01,0.97235,0.900205,123.89,109.955,165.886,2.70255,14.92,1.8,0.595786,1.33817,1.00609,0.37701,78.005,2,1.99785,589.94,1,67.8887,6.84825,10.989,3.37289,1.3464,1.76136,"1,674.00",99.168
6/26/16,68.054,104.135,6.61119,0.3019,3.6731,146.01,0.97235,0.900205,123.89,109.955,165.886,2.70255,14.9526,1.8,0.593705,1.33817,1.00609,0.37701,78.005,2,1.99785,589.94,1,67.8885,6.84825,10.989,3.3728,1.3464,1.76135,"1,674.00",99.168
6/27/16,68.1071,104.864,6.64473,0.302105,3.67293,147.535,0.975585,0.907285,124.739,110.62,165.886,2.70255,14.9131,1.8,0.579398,1.35184,0.998908,0.37735,78.5677,2,2.01234,596.731,1,67.9367,6.89785,11.0775,3.38346,1.35867,1.77201,"1,693.84",99.9681
6/28/16,68.0016,104.719,6.64881,0.30202,3.67284,147.802,0.979125,0.904634,124.136,110.612,165.886,2.70255,15.1971,1.8,0.579488,1.35519,1.00022,0.37726,78.4511,2,2.00956,597.004,1,67.87,6.88852,11.0673,3.36551,1.35695,1.76939,"1,679.38",99.9407
6/29/16,67.7002,104.776,6.64513,0.301915,3.67284,147.422,0.980295,0.902258,123.769,110.428,165.886,2.70255,14.9375,1.8,0.583662,1.34806,0.999046,0.37729,78.4873,2,2.01206,595.469,1,67.6306,6.89501,11.0431,3.28256,1.35254,1.76441,"1,679.63",99.6373
6/30/16,67.5299,104.561,6.64433,0.30188,3.67288,145.986,0.978385,0.900532,123.134,110.312,165.886,2.70255,14.969,1.8,0.583527,1.34377,1.00205,0.37727,78.2633,2,2.00599,593.437,1,67.5161,6.87664,10.9317,3.23097,1.34447,1.76124,"1,679.94",99.2466
7/1/16,67.381,104.973,6.65619,0.30187,3.67293,146.106,0.97503,0.899596,123.486,110.309,165.886,2.70255,15.0451,1.8,0.579461,1.33868,0.997756,0.377665,78.5723,2,2.01467,592.8,1,67.3697,6.90637,10.8989,3.21846,1.3477,1.76011,"1,681.51",99.2186
7/2/16,67.2,104.58,6.6547,0.30185,3.67285,145.79,0.97327,0.897796,123.175,110.214,165.886,2.70255,15.018,1.8,0.577866,1.33364,1.00152,0.376995,78.218,2,2.0071,588.87,1,67.1894,6.88015,10.8015,3.23458,1.34135,1.75631,"1,671.60",98.987
7/3/16,67.2,104.58,6.64972,0.30185,3.6729,145.79,0.97327,0.897796,123.175,110.275,165.886,2.70255,15.0194,1.8,0.577531,1.33364,1.00152,0.37677,78.218,2,2.0071,588.87,1,67.1895,6.88015,10.8015,3.217,1.34135,1.75575,"1,671.60",98.987
7/4/16,67.243,104.683,6.65618,0.30164,3.67298,146.089,0.973045,0.897903,123.239,110.27,165.887,2.70255,15.0347,1.8,0.578714,1.33138,1.0006,0.37712,78.2952,2,2.00887,589.405,1,67.2395,6.88691,10.8052,3.24296,1.34401,1.75643,"1,666.22",99.0868
7/5/16,67.4006,104.638,6.67153,0.301775,3.67306,146.298,0.972635,0.898767,122.946,110.186,165.887,2.70255,14.9989,1.8,0.573678,1.334,1.00105,0.37725,78.2482,2,2.00792,591.822,1,67.3839,6.88251,10.8217,3.28877,1.34581,1.75689,"1,666.48",98.8426
7/6/16,67.5195,105.219,6.68952,0.3017,3.67306,146.868,0.97736,0.90355,123.6,110.378,165.887,2.70255,14.8305,1.8,0.56394,1.33959,0.995572,0.37731,78.6674,2,2.019,596.08,1,67.4866,6.92012,10.9508,3.31222,1.35614,1.76753,"1,686.86",99.6219
7/7/16,67.4333,104.604,6.68399,0.301825,3.67312,145.541,0.97651,0.90245,123.346,110.459,165.887,2.70255,14.6973,1.8,0.564512,1.3322,1.00116,0.37732,78.24,2,2.00769,594.316,1,67.4394,6.88204,10.907,3.33554,1.34912,1.76504,"1,679.93",99.5496
7/8/16,67.3212,104.788,6.68685,0.30175,3.67302,145.662,0.980325,0.90391,123.701,110.449,165.887,2.70255,14.7014,1.8,0.563593,1.33007,0.999509,0.377325,78.3701,2,2.01097,596.2,1,67.3492,6.8937,10.8918,3.34007,1.34843,1.76704,"1,679.29",99.85
7/9/16,67.106,104.7,6.68845,0.30169,3.6729,145.535,0.98331,0.904953,123.79,110.532,165.887,2.70255,14.7227,1.8,0.563514,1.3212,0.998768,0.37741,78.429,2,2.01255,593.62,1,67.1393,6.89875,10.907,3.29936,1.34875,1.77015,"1,680.05",99.7807
7/10/16,67.106,104.7,6.69385,0.3025,3.67285,145.24,0.98331,0.904953,124.04,111.31,165.887,2.70255,14.7242,1.8,0.56375,1.3212,1.0025,0.3771,78.405,2,1.9972,595.25,1,67.55,6.885,10.9014,3.2888,1.3493,1.7697,"1,680.05",99.75
7/11/16,67.1072,104.899,6.69239,0.30179,3.67305,145.671,0.983145,0.905199,123.638,110.584,165.887,2.70255,14.7088,1.8,0.563748,1.32464,0.999072,0.37753,78.4539,2,2.01194,596.166,1,67.136,6.89665,10.8708,3.30128,1.34916,1.77059,"1,680.30",99.873
7/12/16,67.0737,104.784,6.68891,0.30202,3.67302,145.982,0.983925,0.902527,123.435,110.501,165.887,2.70255,14.6679,1.8,0.571372,1.31531,1.00019,0.37733,78.4204,2,2.00963,596.595,1,67.1123,6.88886,10.7909,3.29882,1.3476,1.76535,"1,668.72",99.8285
7/13/16,67.026,105.012,6.68773,0.30213,3.67307,146.463,0.98639,0.902796,123.46,110.507,165.887,2.70255,14.5678,1.8,0.576801,1.31377,0.998024,0.377355,78.576,2,2.01401,595.293,1,67.0556,6.90366,10.774,3.29218,1.34895,1.76608,"1,671.41",99.7291
7/14/16,66.8531,104.762,6.68552,0.30221,3.67299,145.739,0.98201,0.900005,123.171,110.434,165.887,2.70255,14.5977,1.8,0.576916,1.31132,1.00095,0.377265,78.3501,2,2.00808,593.425,1,66.9178,6.88349,10.7353,3.25528,1.34438,1.76058,"1,665.06",99.3153
7/15/16,66.9587,104.754,6.68523,0.302155,3.67299,145.781,0.981205,0.900402,122.999,110.439,165.887,2.70255,14.771,1.8,0.580758,1.31175,1.0003,0.377375,78.4079,2,2.00342,593.625,1,67.0035,6.88624,10.7393,3.25657,1.34434,1.76076,"1,663.12",99.2541
7/16/16,67.053,105.81,6.69149,0.30202,3.67325,147.25,0.98258,0.906183,123.98,110.574,165.887,2.70255,14.8917,1.8,0.574262,1.31987,0.990482,0.37736,79.1765,2,2.01415,594.49,1,67.1111,6.95095,10.856,3.28078,1.35645,1.77106,"1,671.00",99.932
7/17/16,67.053,105.81,6.69031,0.30202,3.6729,147.25,0.98258,0.906183,123.98,110.58,165.887,2.70255,14.9275,1.8,0.574388,1.31987,0.990482,0.3772,79.1765,2,2.01415,594.49,1,67.0965,6.95095,10.856,3.2798,1.35645,1.77252,"1,671.00",99.932
7/18/16,67.1257,105.2,6.69141,0.30232,3.67305,146.549,0.983175,0.904041,123.624,110.549,165.887,2.70255,14.9495,1.8,0.576671,1.31703,0.996395,0.37712,78.7148,2,2.00934,593.232,1,67.1387,6.91259,10.7813,3.27094,1.35071,1.76987,"1,663.47",99.7211
7/19/16,67.1671,104.732,6.69728,0.30241,3.67304,145.755,0.983865,0.905002,123.389,110.573,165.887,2.70255,15.1397,1.8,0.573627,1.33037,1.00091,0.377415,78.365,2,2.00822,592.899,1,67.1724,6.88397,10.7372,3.25974,1.34882,1.7697,"1,658.56",99.665
7/20/16,67.196,105.077,6.68364,0.302495,3.67299,146.118,0.98693,0.908364,123.84,110.73,165.887,2.70255,15.0084,1.8,0.571913,1.33495,0.997524,0.377325,78.649,2,2.01505,598.762,1,67.1911,6.91557,10.7975,3.25154,1.35824,1.77677,"1,671.51",100.19
7/21/16,67.1739,104.793,6.67563,0.302495,3.67307,146.137,0.98662,0.90747,123.502,110.692,165.887,2.70255,15.0543,1.8,0.575879,1.33557,1.00044,0.377385,78.436,2,2.00925,598.137,1,67.1874,6.91545,10.7586,3.26166,1.35652,1.77496,"1,666.09",100.186
7/22/16,67.1462,104.741,6.67422,0.302485,3.67303,145.945,0.986225,0.908294,123.261,110.688,165.887,2.70255,14.9732,1.8,0.574102,1.33788,1.00091,0.377385,78.4066,2,2.00835,602.988,1,67.1497,6.91605,10.7439,3.27491,1.35484,1.77571,"1,667.01",100.226
7/23/16,67.129,104.8,6.68348,0.3026,3.67285,146.415,0.98725,0.911046,123.2,111.03,165.887,2.70255,15.0365,1.8,0.571673,1.33962,0.996414,0.3771,78.76,2,2.01745,597.64,1,67.1495,6.9355,10.7925,3.25755,1.36155,1.7827,"1,666.85",100.46
7/24/16,67.129,104.8,6.68373,0.30248,3.673,145.85,0.98725,0.911046,123.2,111.03,165.887,2.70255,14.9825,1.8,0.571779,1.33962,0.996414,0.3771,78.76,2,2.01745,597.64,1,67.1495,6.9355,10.7925,3.25755,1.36155,1.78269,"1,666.85",100.46
7/25/16,67.322,105.054,6.68528,0.303,3.67304,145.98,0.987175,0.910963,124.15,110.773,165.887,2.70255,14.946,1.8,0.572155,1.33825,0.997723,0.377315,78.6518,2,2.01469,600.779,1,67.3084,6.93541,10.7861,3.26856,1.36128,1.78163,"1,672.08",100.442
7/26/16,67.4083,104.816,6.67558,0.30257,3.67299,146.065,0.98804,0.909488,123.989,110.755,165.887,2.70255,14.9522,1.8,0.571794,1.33216,0.999842,0.37726,78.4894,2,2.01038,603.571,1,67.3594,6.93134,10.7893,3.28249,1.35939,1.77894,"1,673.09",100.317
7/27/16,67.2703,104.906,6.67101,0.30259,3.673,146.027,0.99233,0.909186,124.078,110.714,165.887,2.70255,14.9596,1.79,0.572441,1.33614,0.999191,0.377275,78.5447,2,2.01169,601.077,1,67.2105,6.93576,10.7999,3.27733,1.35903,1.77955,"1,667.86",100.293
7/28/16,67.0617,104.44,6.65974,0.3024,3.67305,145.258,0.98353,0.902515,123.49,110.495,165.888,2.70255,15.0037,1.8,0.574896,1.33034,1.00399,0.37717,78.1728,2,2.00208,595.855,1,67.0394,6.89436,10.7028,3.26832,1.34942,1.76517,"1,661.53",99.6003
7/29/16,66.9353,104.876,6.64798,0.30236,3.67298,145.883,0.975265,0.899499,123.526,110.292,165.888,2.70255,15.0319,1.8,0.575412,1.32584,0.999881,0.3772,78.4943,2,2.01033,593.999,1,66.9367,6.91957,10.7079,3.27207,1.35065,1.76045,"1,676.67",99.1573
7/30/16,66.702,104.625,6.63921,0.30241,3.6729,144.98,0.96952,0.894887,121.815,109.7,165.888,2.70255,15,1.8,0.576695,1.31563,1.00572,0.377275,78.0375,2,1.99865,586.99,1,66.6855,6.8909,10.629,3.25178,1.3428,1.74947,"1,671.55",98.671
7/31/16,66.702,104.9,6.64326,0.3025,3.67265,145.85,0.96952,0.894887,123.945,110.7,165.888,2.70255,14.959,1.8,0.576971,1.31563,1.0025,0.3771,78.455,2,1.9975,589.75,1,66.69,6.945,10.6913,3.2521,1.3497,1.74879,"1,657.00",99.2
8/1/16,66.73,104.538,6.63507,0.302,3.67305,146.03,0.96857,0.895291,124.2,110.47,165.888,2.70255,14.913,1.8,0.576163,1.31909,1.00271,0.37664,78.2526,2,1.9975,590.615,1,66.7294,6.91159,10.5558,3.2575,1.3409,1.75073,"1,675.62",98.723
8/2/16,66.7086,104.791,6.63771,0.30147,3.67295,145.75,0.96624,0.893292,124.05,109.625,165.888,2.70255,14.8545,1.8,0.57752,1.321,1.00003,0.377165,78.4481,2,1.9975,589.385,1,66.7177,6.92195,10.5572,3.26098,1.339,1.74826,"1,675.38",98.549
8/3/16,66.8197,104.581,6.6304,0.3016,3.67301,145.95,0.968175,0.893336,124.075,110.29,165.888,2.70255,14.935,1.8,0.58122,1.31733,1.00152,0.37716,78.332,2,1.9975,588.062,1,66.827,6.89958,10.6119,3.25841,1.3425,1.74667,"1,666.14",98.3467
8/4/16,66.8259,104.835,6.63943,0.3027,3.67294,145.8,0.973275,0.89773,124.075,110.6,165.888,2.70255,14.839,1.8,0.57722,1.31321,0.997424,0.377175,78.6539,2,1.9975,591.149,1,66.8526,6.93651,10.5783,3.22759,1.3424,1.75516,"1,679.94",98.9928
8/5/16,66.7818,104.453,6.64778,0.3029,3.67308,146.365,0.9762,0.899422,124.04,110.6,165.888,2.70255,14.8325,1.8,0.571607,1.30925,1.00037,0.377165,78.4192,2,1.9975,593.54,1,66.8256,6.92728,10.5004,3.18515,1.3424,1.75937,"1,670.35",99.4645
8/6/16,66.792,104.575,6.65677,0.30182,3.6731,146.365,0.9807,0.901937,122.575,109.83,165.888,2.70255,14.923,1.8,0.569931,1.31235,0.994781,0.377095,78.8615,2,2.0205,591.689,1,66.84,6.9663,10.5315,3.16696,1.34785,1.76347,"1,685.88",99.4567
8/7/16,66.792,104.575,6.65676,0.30182,3.6731,146.365,0.9807,0.901937,122.575,109.83,165.888,2.70255,14.9235,1.8,0.56996,1.31235,0.994781,0.377095,78.8615,2,2.0205,591.62,1,66.84,6.9663,10.5315,3.167,1.34785,1.76347,"1,685.95",99.451
8/8/16,66.7878,104.886,6.66526,0.30203,3.67298,146.03,0.98138,0.901961,122.868,109.975,165.888,2.70255,14.7902,1.8,0.569376,1.31053,0.997251,0.37712,78.6496,2,2.01557,595.019,1,66.8049,6.94926,10.5162,3.1689,1.34786,1.76395,"1,681.63",99.7955
8/9/16,66.8294,104.591,6.65985,0.30207,3.673,145.608,0.982905,0.90162,122.689,110.086,165.888,2.70255,14.694,1.8,0.566966,1.30634,1.00034,0.377115,78.388,2,2.00949,595.117,1,66.8345,6.92812,10.4732,3.16206,1.34709,1.76373,"1,676.72",99.5114
8/10/16,66.7126,104.353,6.64266,0.30185,3.67294,145.344,0.978115,0.896282,122.337,109.819,165.888,2.70255,14.7587,1.8,0.568723,1.29766,1.00226,0.37712,78.2385,2,2.00548,597.794,1,66.7361,6.91448,10.3749,3.14011,1.34078,1.75402,"1,673.37",99.133
8/11/16,66.7615,104.496,6.63645,0.30188,3.67296,145.484,0.9744,0.895869,121.602,109.715,165.888,2.70255,14.664,1.8,0.566757,1.2971,1.00092,0.37707,78.3519,2,2.00815,591.43,1,66.8041,6.9236,10.3313,3.13158,1.33972,1.75121,"1,673.43",98.7181
8/12/16,66.785,104.625,6.63818,0.301855,3.67293,145.566,0.97469,0.896507,122.072,109.724,165.888,2.70255,14.6653,1.8,0.565276,1.30185,0.999687,0.37702,78.4556,2,2.01068,588.766,1,66.832,6.93225,10.3724,3.15217,1.34469,1.753,"1,667.24",99.0577
8/13/16,66.858,104.535,6.63558,0.3018,3.673,145.415,0.974705,0.895889,121.89,109.91,165.888,2.70255,14.6573,1.8,0.565276,1.30713,1.00092,0.37702,78.3585,2,2.0082,587.57,1,66.9095,6.92365,10.391,3.19256,1.3447,1.751,"1,660.40",98.769
8/14/16,66.858,104.535,6.63573,0.3018,3.673,145.415,0.974705,0.895889,121.89,109.91,165.888,2.70255,14.6562,1.8,0.56369,1.30713,1.00092,0.37702,78.3585,2,2.0082,587.57,1,66.9095,6.92365,10.391,3.1926,1.3447,1.751,"1,660.40",98.769
8/15/16,66.8702,104.602,6.64258,0.301795,3.67294,145.395,0.974225,0.895055,121.762,109.698,165.888,2.70255,14.6645,1.8,0.562968,1.30463,1.00054,0.377005,78.3902,2,2.00897,587.774,1,66.8847,6.92652,10.3877,3.18421,1.34425,1.75052,"1,667.24",98.8797
8/16/16,66.8311,104.613,6.62887,0.301585,3.67297,145.173,0.966685,0.889736,120.75,109.187,165.888,2.70255,14.6691,1.8,0.565259,1.29935,1.00135,0.377015,78.3291,2,2.00743,588.079,1,66.8479,6.92112,10.3357,3.18443,1.33979,1.74152,"1,669.53",98.4042
8/17/16,66.9237,104.686,6.63151,0.30144,3.67298,145.148,0.962605,0.887044,120.74,108.8,165.888,2.70255,14.69,1.8,0.568702,1.30581,1.00012,0.377025,78.4224,2,2.00983,586.118,1,66.9196,6.92932,10.3336,3.20871,1.34094,1.73486,"1,679.05",97.7613
8/18/16,66.8308,104.721,6.62993,0.301335,3.67291,145.028,0.95902,0.88349,121.013,108.737,165.888,2.70255,14.8166,1.8,0.571999,1.30122,1.00154,0.377005,78.3066,2,2.00694,591.37,1,66.8423,6.91954,10.3289,3.21371,1.34123,1.72877,"1,676.01",97.5148
8/19/16,67.0114,104.605,6.64568,0.301225,3.67294,145.314,0.957295,0.882629,120.601,108.645,165.888,2.70255,14.9209,1.7905,0.572569,1.3099,1.00146,0.376995,78.2935,2,2.00712,581.604,1,67.0074,6.91968,10.3194,3.23341,1.34119,1.72633,"1,664.30",97.2531
8/20/16,67.15,104.724,6.64988,0.3013,3.673,145.5,0.9602,0.882983,120.678,108.789,165.888,2.70255,14.9195,1.8,0.571135,1.3112,1.00003,0.377005,78.41,2,2.00995,588.112,1,67.1312,6.93,10.3845,3.21114,1.3458,1.72813,"1,674.03",97.3794
8/21/16,67.15,104.73,6.64892,0.3013,3.673,145.5,0.9602,0.882983,120.67,108.805,165.888,2.70255,14.9123,1.8,0.570918,1.3112,1.00003,0.37702,78.41,2,2.00995,589,1,67.1319,6.93,10.3845,3.21064,1.3458,1.72813,"1,675.00",97.38
8/22/16,67.225,104.838,6.65533,0.30125,3.67302,145.45,0.96251,0.884803,120.835,109.38,165.888,2.70255,14.8309,1.8,0.57159,1.31383,0.999021,0.37723,78.4869,2,1.9975,580.45,1,67.1866,6.93719,10.4346,3.20956,1.3508,1.72962,"1,661.48",97.4931
8/23/16,67.1617,104.706,6.6448,0.3012,3.67305,145.91,0.96174,0.882885,120.64,109.23,165.888,2.70255,14.832,1.8,0.575063,1.30947,1.00132,0.37706,78.2979,2,1.9975,579.15,1,67.1162,6.92093,10.3804,3.20577,1.3485,1.727,"1,661.70",97.3875
8/24/16,67.1694,104.976,6.65282,0.302,3.67298,145.5,0.96505,0.886356,121.6,109.545,165.888,2.70255,14.853,1.8,0.577143,1.3135,0.997761,0.37701,78.5788,2,1.9975,583.05,1,67.1346,6.93706,10.6006,3.23472,1.3545,1.73292,"1,662.55",97.7408
8/25/16,67.077,104.886,6.65726,0.30128,3.67307,145.669,0.966715,0.886706,121.73,108.944,165.888,2.70255,14.8628,1.8,0.577524,1.31267,0.998996,0.377015,78.4785,2,2.01191,584.849,1,67.0688,6.9253,10.6186,3.2268,1.35443,1.73448,"1,675.64",97.8066
8/26/16,67.0358,104.81,6.66617,0.301315,3.67305,145.649,0.969045,0.887126,121.514,108.942,165.888,2.70255,14.8774,1.8,0.576801,1.31183,1.00006,0.377115,78.4001,2,2.01003,584.216,1,67.0244,6.93,10.6108,3.22867,1.35253,1.73462,"1,675.22",97.6395
8/27/16,67.174,104.9,6.67505,0.30119,3.673,146.885,0.978145,0.893125,122.64,109.355,165.888,2.70255,14.9765,1.8,0.573902,1.32221,0.991856,0.376915,79.053,2,2.02675,589.747,1,67.1394,6.98775,10.7159,3.26483,1.3635,1.74664,"1,696.90",98.485
8/28/16,67.174,105.707,6.67817,0.30119,3.673,146.931,0.978145,0.893125,122.677,109.354,165.888,2.70255,14.9833,1.8,0.574222,1.32221,0.991492,0.380055,79.0774,2,2.0274,586.056,1,67.1376,6.98986,10.7188,3.26484,1.36391,1.74709,"1,697.45",98.5149
8/29/16,67.1838,105.253,6.67988,0.30184,3.67306,146.334,0.97811,0.893867,122.726,109.328,165.888,2.70255,15.0145,1.8,0.572595,1.32349,0.995596,0.377865,78.763,2,2.01897,586.232,1,67.1615,6.96091,10.7492,3.25924,1.3623,1.74859,"1,685.82",98.5384
8/30/16,67.1242,104.755,6.67863,0.30185,3.67305,145.58,0.98071,0.895656,122.87,109.451,165.888,2.70255,15.0876,1.8,0.572241,1.32511,1.0003,0.37711,78.4113,2,2.00951,586.832,1,67.1011,6.92834,10.7977,3.23659,1.36081,1.75101,"1,674.64",98.643
8/31/16,67.0864,104.904,6.67964,0.30203,3.67309,145.702,0.983395,0.897087,123.403,109.508,165.888,2.70255,14.983,1.8,0.572989,1.33044,0.998868,0.37703,78.5223,2,2.01235,588.658,1,67.0178,6.93779,10.8203,3.23667,1.36361,1.75476,"1,679.30",98.9474
9/1/16,66.9965,104.638,6.6773,0.30198,3.67309,145.424,0.98305,0.8958,123.401,109.474,165.888,2.70255,14.9142,1.8,0.577286,1.32698,1.0007,0.377095,78.3781,2,2.00856,588.113,1,66.9418,6.92511,10.8133,3.23332,1.36211,1.75185,"1,678.45",98.8606
9/2/16,66.7884,104.288,6.67768,0.30179,3.67307,145.134,0.979955,0.894015,122.882,109.338,165.888,2.70255,14.9222,1.8,0.581007,1.32339,1.00255,0.37698,78.2268,2,2.00488,586.006,1,66.7421,6.91238,10.8158,3.2494,1.35807,1.74804,"1,670.53",98.505
9/3/16,66.628,104.725,6.68224,0.30159,3.673,145.95,0.980415,0.896431,123.26,109.553,165.888,2.70255,14.9583,1.8,0.58146,1.32055,0.997435,0.37693,78.621,2,2.01515,587.99,1,66.5742,6.94775,10.8505,3.25751,1.3627,1.75165,"1,667.80",98.839
9/4/16,66.628,104.725,6.68257,0.30159,3.673,145.95,0.980415,0.896431,123.26,109.553,165.888,2.70255,14.9598,1.8,0.581578,1.32055,0.997435,0.37693,78.621,2,2.01515,587.99,1,66.5826,6.94775,10.8505,3.25751,1.3627,1.75165,"1,667.80",98.839
9/5/16,66.5549,104.54,6.67928,0.301905,3.67305,145.714,0.97957,0.896065,122.989,109.435,165.888,2.70255,14.9719,1.79,0.582262,1.31812,0.998649,0.37693,78.518,2,2.01276,589.912,1,66.4857,6.93952,10.8022,3.26255,1.36,1.75232,"1,670.75",98.6221
9/6/16,66.4642,104.525,6.67799,0.301865,3.67302,145.543,0.97733,0.89435,123.22,109.334,165.888,2.70255,14.9994,1.79,0.583668,1.3094,0.999225,0.377005,78.4636,2,2.01167,588.993,1,66.4362,6.92726,10.7198,3.25014,1.3575,1.7496,"1,677.37",98.7441
9/7/16,66.3635,104.475,6.66613,0.301515,3.67307,144.781,0.96942,0.889228,122.311,109.065,165.888,2.70255,15.0214,1.79,0.584879,1.30306,1.00414,0.377,78.0804,2,2.00184,585.855,1,66.3585,6.89029,10.5871,3.19712,1.34576,1.73894,"1,672.01",97.9364
9/8/16,66.493,104.411,6.66359,0.301295,3.67293,145.476,0.96964,0.887965,122.204,108.894,165.888,2.70255,15.0505,1.79025,0.582431,1.30139,0.999513,0.37699,78.4456,2,2.01105,585.852,1,66.4911,6.92525,10.566,3.19437,1.34644,1.73681,"1,679.68",98.0903
9/9/16,66.7285,104.425,6.67966,0.301355,3.67306,145.692,0.973775,0.888613,122.1,108.875,165.888,2.70255,15.0696,1.79,0.58088,1.3146,0.997795,0.377005,78.5748,2,2.01454,585.79,1,66.7048,6.93371,10.6178,3.23513,1.3531,1.73746,"1,676.49",98.144
9/10/16,66.957,104.31,6.6851,0.30155,3.6731,145.635,0.975465,0.890262,122.1,109.053,165.888,2.70255,15.0946,1.79,0.579752,1.32628,0.997394,0.377025,78.6065,2,2.0153,583.99,1,66.9087,6.94825,10.7235,3.27273,1.35975,1.74209,"1,668.60",98.167
9/11/16,66.957,104.31,6.68781,0.30155,3.6731,145.635,0.975465,0.890262,122.1,109.053,165.888,2.70255,15.0961,1.79,0.579808,1.32628,0.997394,0.377025,78.6065,2,2.0153,583.99,1,66.9086,6.94825,10.7235,3.27332,1.35975,1.74209,"1,668.60",98.167
9/12/16,66.9394,104.434,6.68086,0.301525,3.67305,145.403,0.97424,0.889973,122.424,109.088,165.888,2.70255,15.0131,1.79025,0.580438,1.32795,0.999016,0.37725,78.4844,2,2.01213,586.442,1,66.8679,6.9283,10.7543,3.27182,1.36039,1.74154,"1,671.07",98.3104
9/13/16,66.9808,104.275,6.67911,0.3015,3.67306,145.161,0.973135,0.890357,122.253,109.068,165.888,2.70255,14.9244,1.79025,0.580016,1.32995,1.00079,0.37698,78.3405,2,2.00857,589.724,1,66.9143,6.91305,10.8373,3.26973,1.3604,1.74123,"1,670.82",98.1919
9/14/16,67.016,104.385,6.67379,0.301395,3.67304,145.505,0.97553,0.890377,122.544,109.082,165.888,2.70255,15.0021,1.79,0.577177,1.33794,0.999378,0.376985,78.4528,2,2.01133,586.798,1,66.9449,6.93461,10.8377,3.32092,1.3633,1.74196,"1,670.20",98.045
9/15/16,66.9614,104.287,6.67335,0.301425,3.67302,145.455,0.97321,0.889447,122.207,109.061,165.888,2.70255,15.0319,1.79,0.578537,1.33695,1.00127,0.376995,78.3023,2,2.00748,586.265,1,66.8996,6.92138,10.6956,3.33597,1.3643,1.7397,"1,672.51",97.9579
9/16/16,67.0038,104.493,6.67328,0.30142,3.67308,145.551,0.975065,0.891957,122.154,109.168,165.888,2.70255,15.0762,1.79,0.575644,1.33297,1.00016,0.37699,78.3903,2,2.00967,587.136,1,66.9614,6.92969,10.6718,3.29717,1.3656,1.74396,"1,671.53",98.1058
9/17/16,67.125,105.18,6.67386,0.30142,3.67308,146.2,0.98035,0.89625,123.17,109.306,165.888,2.70255,15.1514,1.79,0.568473,1.3346,0.99403,0.37679,78.8755,2,2.0222,587.92,1,67.075,6.97205,10.7085,3.26729,1.3725,1.75295,"1,691.10",98.828
9/18/16,67.125,105.18,6.67319,0.30142,3.6731,146.2,0.98035,0.89625,123.17,109.3,165.888,2.70255,15.1529,1.79,0.568671,1.3346,0.99403,0.37679,78.8755,2,2.0222,587.92,1,67.0753,6.97205,10.7085,3.26569,1.3725,1.75294,"1,691.10",98.828
9/19/16,67.0611,104.57,6.68399,0.30174,3.67307,146.022,0.979925,0.895436,122.664,109.322,165.888,2.70255,15.1418,1.797,0.570353,1.32714,0.996953,0.37764,78.6587,2,2.00955,593.38,1,66.9627,6.92845,10.6245,3.26611,1.36335,1.7516,"1,672.74",98.3439
9/20/16,67.0888,104.502,6.67005,0.30161,3.67307,145.749,0.979235,0.894847,122.682,109.297,165.888,2.70255,15.1411,1.79685,0.568698,1.32506,1.00087,0.376995,78.3663,2,2.00835,589.346,1,66.9957,6.91596,10.5898,3.26661,1.36206,1.74994,"1,668.42",98.5633
9/21/16,67.0687,104.808,6.67247,0.30165,3.67306,146.226,0.977635,0.896652,122.942,109.385,165.888,2.70255,15.138,1.7975,0.56777,1.32004,0.99853,0.377,78.5494,2,2.01304,589.244,1,66.9884,6.92896,10.5528,3.2484,1.36349,1.75411,"1,672.26",98.8075
9/22/16,66.7595,104.752,6.66831,0.30142,3.67303,145.888,0.97052,0.891639,122.103,109.258,165.888,2.70255,15.147,1.79725,0.571321,1.3079,1.00229,0.377045,78.2712,2,2.00542,588.135,1,66.7294,6.91422,10.4238,3.21064,1.35473,1.74361,"1,672.32",98.3099
9/23/16,66.6817,104.93,6.66885,0.30143,3.67309,146.53,0.970065,0.891806,122.29,109.145,165.888,2.70255,15.158,1.7975,0.569016,1.3103,0.998441,0.376975,78.6024,2,2.01314,588.091,1,66.6598,6.94081,10.4138,3.22344,1.35796,1.74396,"1,670.81",98.3144
9/24/16,66.74,104.715,6.67105,0.3015,3.673,146.27,0.97018,0.890821,122.125,109.256,165.888,2.70255,15.1568,1.7975,0.567267,1.31206,1.00026,0.37713,78.463,2,2.00955,584.3,1,66.7084,6.92855,10.4365,3.24516,1.35705,1.7414,"1,665.15",98.22
9/25/16,66.74,104.715,6.66646,0.3015,3.673,146.27,0.97018,0.890821,122.125,109.256,165.888,2.70255,15.1609,1.7975,0.567263,1.31206,1.00026,0.37713,78.463,2,2.00955,584.3,1,66.7084,6.92855,10.4365,3.24442,1.35705,1.74186,"1,665.15",98.22
9/26/16,66.725,104.691,6.66587,0.30137,3.673,146.257,0.969,0.889391,121.91,109.09,165.888,2.70255,15.1714,1.79725,0.567117,1.31143,1.00077,0.37686,78.425,2,2.00849,585.803,1,66.6685,6.92475,10.446,3.24322,1.35777,1.73958,"1,668.06",98.0888
9/27/16,66.5314,104.749,6.66941,0.301425,3.67302,146.443,0.9699,0.89017,121.87,109.245,165.888,2.70255,15.2429,1.798,0.567847,1.30598,0.99994,0.376985,78.4998,2,2.01017,586.986,1,66.5174,6.93058,10.4539,3.23983,1.35958,1.74055,"1,668.49",98.1527
9/28/16,66.4484,104.903,6.67267,0.301425,3.67293,146.778,0.971405,0.892021,122.256,109.543,165.888,2.70255,15.2953,1.7979,0.568904,1.30363,0.998167,0.377,78.6522,2,2.01379,587.699,1,66.4589,6.94311,10.4448,3.2361,1.36187,1.74448,"1,672.23",98.2665
9/29/16,66.6714,104.598,6.66878,0.30138,3.67301,146.536,0.969535,0.891071,122.21,109.52,165.888,2.70255,15.3632,1.7975,0.569141,1.30318,1.00048,0.37699,78.4139,2,2.00905,587.459,1,66.6602,6.91812,10.4539,3.2246,1.36114,1.74275,"1,668.25",98.2179
9/30/16,66.7011,104.63,6.67022,0.301415,3.67301,146.632,0.968945,0.891965,122.526,109.532,165.888,2.70255,15.3338,1.79775,0.567392,1.30975,1.00014,0.37698,78.4071,2,2.00969,587.804,1,66.6769,6.90897,10.5271,3.25511,1.36352,1.74415,"1,669.05",98.2583
10/1/16,66.589,103.87,6.67099,0.30139,3.673,145.805,0.97135,0.889498,122.135,109.617,165.888,2.70255,15.2539,1.79775,0.567881,1.3056,1.00691,0.37701,77.947,2,1.9963,592.773,1,66.5565,6.8631,10.4825,3.2611,1.3553,1.74028,"1,673.58",98.085
10/2/16,66.589,103.87,6.67016,0.30139,3.673,145.805,0.97135,0.889498,122.135,109.617,165.888,2.70255,15.2631,1.79775,0.566829,1.3056,1.00691,0.377025,77.947,2,1.9963,594,1,66.5565,6.8631,10.4825,3.26157,1.3553,1.74028,"1,676.00",98.085
10/3/16,66.5444,104.221,6.66794,0.301495,3.67299,146.269,0.97233,0.890651,122.305,109.567,165.888,2.70255,15.2986,1.7975,0.564215,1.30497,1.00305,0.37693,78.2316,2,2.004,587.36,1,66.5129,6.88936,10.4659,3.24683,1.35998,1.74233,"1,664.23",98.1529
10/4/16,66.5059,104.701,6.67185,0.301715,3.67298,146.868,0.97747,0.893763,122.751,109.66,165.888,2.70255,15.1873,1.7975,0.560091,1.30575,0.998312,0.377015,78.5863,2,2.01342,588.847,1,66.512,6.93001,10.469,3.21976,1.3681,1.7475,"1,671.62",98.421
10/5/16,66.5503,104.306,6.67126,0.30174,3.67305,146.353,0.97709,0.891822,122.525,109.728,165.888,2.70255,15.1685,1.798,0.557963,1.31224,1.00203,0.377,78.2918,2,2.00596,587.774,1,66.565,6.90794,10.4693,3.24816,1.36676,1.74375,"1,665.49",98.3375
10/6/16,66.5793,104.597,6.67204,0.301855,3.67302,146.798,0.9772,0.894019,122.478,109.719,165.888,2.70255,15.1986,1.798,0.556286,1.31718,0.99915,0.376995,78.5186,2,2.0118,588.948,1,66.6583,6.92476,10.5285,3.22367,1.37221,1.74786,"1,670.95",98.4776
10/7/16,66.6299,104.812,6.67205,0.302085,3.67303,147.163,0.98086,0.897195,123.325,109.909,165.888,2.70255,15.2086,1.7985,0.544661,1.31939,0.997613,0.376995,78.6433,2,2.01492,590.488,1,66.6935,6.94707,10.5929,3.22475,1.37644,1.75477,"1,674.33",98.8731
10/8/16,66.547,104.065,6.67412,0.3023,3.67303,146.165,0.97756,0.892754,122.54,109.873,165.888,2.70255,15.1316,1.7985,0.544661,1.31789,1.00544,0.37686,78.03,2,1.99925,585.66,1,66.5991,6.8929,10.559,3.22072,1.3672,1.7462,"1,662.40",98.448
10/9/16,66.547,104.065,6.67366,0.3023,3.6731,146.165,0.97756,0.892754,122.54,109.873,165.888,2.70255,15.1276,1.7985,0.544514,1.31789,1.00544,0.37686,78.03,2,1.99925,585.66,1,66.6012,6.8929,10.559,3.22162,1.3672,1.7462,"1,662.40",98.448
10/10/16,66.5126,104.346,6.6954,0.302,3.67307,147.31,0.9802,0.895211,123.055,109.945,165.888,2.70255,15.188,1.7985,0.543246,1.31586,1.00249,0.37702,78.2686,2,2.015,586.711,1,66.5416,6.90401,10.5974,3.21658,1.3771,1.75048,"1,667.09",98.6255
10/11/16,66.674,104.722,6.71603,0.302295,3.67304,147.074,0.985495,0.900807,123.208,110.119,165.888,2.70255,15.1881,1.798,0.537643,1.32276,0.998669,0.377025,78.5782,2,2.01209,592.591,1,66.7007,6.92786,10.6738,3.20652,1.37822,1.76073,"1,675.10",99.1088
10/12/16,66.7851,104.688,6.71948,0.30251,3.67304,147.09,0.989105,0.90627,123.813,110.331,165.888,2.70255,15.1626,1.803,0.536206,1.32122,0.999047,0.377015,78.5494,2,2.01199,595.603,1,66.8046,6.93694,10.7861,3.19881,1.38195,1.77189,"1,674.87",99.5901
10/13/16,66.8149,104.609,6.72581,0.302625,3.67298,147.022,0.988565,0.907055,124.325,110.453,165.888,2.70255,15.0862,1.802,0.534339,1.32499,0.999683,0.37703,78.4968,2,2.01073,597.679,1,66.8451,6.92358,10.8118,3.20012,1.38308,1.77462,"1,673.53",100.011
10/14/16,66.7233,104.524,6.72678,0.302755,3.67303,146.733,0.98809,0.907507,124.098,110.468,165.888,2.70255,15.1311,1.8025,0.534821,1.31535,1.00134,0.377055,78.3767,2,2.00735,597.446,1,66.7601,6.90925,10.7563,3.1838,1.38342,1.77421,"1,671.10",99.8934
10/15/16,66.683,105.09,6.72964,0.30264,3.673,147.44,0.99032,0.911477,124.87,110.53,165.888,2.70255,15.182,1.8025,0.533557,1.31285,0.996341,0.377205,78.7695,2,2.01745,597.89,1,66.7141,6.9555,10.7865,3.20585,1.39255,1.78256,"1,678.00",100.5
10/16/16,66.683,105.09,6.72908,0.30264,3.673,147.44,0.99032,0.911477,124.87,110.53,165.888,2.70255,15.183,1.8025,0.53352,1.31285,0.996341,0.37844,78.7695,2,2.01745,597.89,1,66.7153,6.9555,10.7865,3.20479,1.39255,1.78273,"1,678.00",100.5
10/17/16,66.7761,104.947,6.7362,0.3029,3.67295,147.201,0.989285,0.910167,124.737,110.431,165.888,2.70255,15.185,1.803,0.53294,1.31415,0.998144,0.37751,78.6245,2,2.01384,600.39,1,66.798,6.94318,10.7889,3.20146,1.39108,1.78068,"1,677.46",100.337
10/18/16,66.7013,104.647,6.73828,0.302685,3.67298,146.881,0.98874,0.908885,124.412,110.319,165.888,2.70255,15.2099,1.803,0.536765,1.30442,1.00097,0.377065,78.3588,2,2.00823,599.215,1,66.7334,6.91532,10.7359,3.19603,1.38666,1.77763,"1,673.97",100.138
10/19/16,66.6457,104.877,6.73853,0.302725,3.67295,147.37,0.98942,0.910859,124.544,110.367,165.888,2.70255,15.1991,1.8035,0.538255,1.30124,0.998104,0.37701,78.5533,2,2.01399,599.386,1,66.6861,6.92371,10.6808,3.18264,1.38874,1.78174,"1,680.69",100.375
10/20/16,66.697,104.762,6.74013,0.30274,3.67294,146.877,0.99014,0.912434,124.613,110.423,165.888,2.70255,15.1772,1.8035,0.537441,1.30412,0.999559,0.37704,78.4691,2,2.01094,601.531,1,66.7512,6.92192,10.6403,3.16213,1.3878,1.78418,"1,674.92",100.455
10/21/16,66.8461,104.988,6.75887,0.302895,3.67308,147.185,0.994435,0.917928,125.014,110.512,165.888,2.70255,15.167,1.801,0.535799,1.31207,0.997564,0.37702,78.6236,2,2.01502,603.533,1,66.8981,6.94712,10.6886,3.14704,1.39403,1.79475,"1,676.99",100.946
10/22/16,66.862,104.83,6.76445,0.30288,3.6731,147.425,0.993535,0.918789,125.07,110.453,165.888,2.70255,15.1828,1.801,0.536145,1.31449,0.999494,0.376745,78.4715,2,2.01105,602.61,1,66.9195,6.9337,10.701,3.15052,1.39445,1.79711,"1,673.40",101.3
10/23/16,66.862,104.83,6.76457,0.30288,3.6731,147.425,0.993535,0.918789,125.07,110.453,165.888,2.70255,15.1828,1.801,0.536472,1.31449,0.999494,0.376745,78.4715,2,2.01105,602.61,1,66.9212,6.9337,10.701,3.15085,1.39445,1.79548,"1,673.40",101.3
10/24/16,66.8401,104.823,6.77102,0.30324,3.67296,147.232,0.99395,0.919118,125.037,110.274,165.897,2.70255,15.166,1.8,0.535374,1.31345,0.999578,0.37713,78.4664,2,2.01093,602.541,1,66.8718,6.93324,10.6819,3.13969,1.39331,1.79682,"1,673.38",101.284
10/25/16,66.8043,104.957,6.77767,0.30317,3.67298,147.425,0.994725,0.919202,125.164,110.139,165.897,2.70255,15.177,1.8,0.534566,1.31099,0.999043,0.37704,78.4428,2,2.01199,603.067,1,66.85,6.92852,10.6523,3.12061,1.39283,1.79805,"1,675.34",101.376
10/26/16,66.7809,104.818,6.77172,0.30312,3.673,147.318,0.993415,0.917056,125.072,110.096,165.897,2.70255,15.2219,1.8,0.534137,1.30383,1.00051,0.377,78.3194,2,2.00916,601.731,1,66.8192,6.91536,10.6101,3.12051,1.39005,1.79327,"1,674.71",101.152
10/27/16,66.8234,104.832,6.77838,0.30335,3.67295,147.536,0.993435,0.916767,125.066,110.051,165.897,2.70255,15.1935,1.8,0.534724,1.3125,0.999226,0.37703,78.5233,2,2.01166,601.036,1,66.8728,6.93561,10.6302,3.14473,1.392,1.79297,"1,676.66",101.028
10/28/16,66.8032,104.9,6.78111,0.30342,3.67293,148.334,0.99261,0.91547,125.134,110.087,165.897,2.70255,15.1778,1.8,0.532664,1.31816,0.998784,0.377015,78.5533,2,2.0126,601.433,1,66.8437,6.939,10.6555,3.17525,1.39525,1.79094,"1,676.25",101.098
10/29/16,66.761,104.085,6.77837,0.303,3.67295,147.085,0.987825,0.910122,124.285,110.105,165.897,2.70255,15.0765,1.8,0.533518,1.31608,1.00663,0.37703,77.9285,2,1.9969,597.09,1,66.8042,6.88475,10.569,3.20459,1.38545,1.78031,"1,662.10",100.37
10/30/16,66.761,104.085,6.78205,0.30347,3.6729,147.085,0.987825,0.910122,124.285,110.105,165.897,2.70255,15.071,1.8,0.533546,1.31608,1.00663,0.37703,78.455,2,1.9969,597.09,1,66.7911,6.88475,10.569,3.2046,1.38545,1.7803,"1,662.10",100.37
10/31/16,66.7417,104.87,6.77403,0.303,3.67285,147.925,0.988695,0.912063,124.5,110.65,165.897,2.70255,15.1625,1.8,0.533546,1.31521,1.0025,0.37718,78.425,2,1.9975,599.65,1,66.875,6.945,10.5894,3.1997,1.3925,1.78353,"1,673.82",100.7
11/1/16,66.6883,104.8,6.77175,0.3029,3.67315,148.025,0.984475,0.90888,123.75,109.745,165.897,2.70255,15.056,1.8,0.533546,1.30775,1.0025,0.377045,78.675,2,1.9975,596.5,1,66.875,6.945,10.4894,3.2369,1.3894,1.7784,"1,673.82",100.4
11/2/16,66.7061,104.854,6.76097,0.302495,3.673,148.09,0.97291,0.90247,123.142,109.647,165.897,2.70255,15.1171,1.8,0.538013,1.30729,1.00006,0.377035,78.5575,2,2.01025,600,1,66.7397,6.9307,10.396,3.23632,1.3847,1.76545,"1,689.85",99.2769
11/3/16,66.6394,104.781,6.76113,0.30253,3.67302,148.167,0.97276,0.90095,123.012,109.723,165.897,2.70255,15.1116,1.8,0.541999,1.30381,1.00008,0.37705,78.5463,2,2.00996,593.98,1,66.7183,6.92967,10.4199,3.24531,1.38484,1.7621,"1,676.03",99.3537
11/4/16,66.6826,104.626,6.75953,0.30234,3.67304,148.014,0.972835,0.900487,122.982,109.79,165.897,2.70255,15.0717,1.8,0.546739,1.30238,1.00173,0.377045,78.4106,2,2.00662,593.891,1,66.738,6.91053,10.4487,3.25056,1.38267,1.76127,"1,671.20",99.3373
11/5/16,66.748,104.365,6.76132,0.30275,3.673,147.67,0.96827,0.897706,122.4,109.902,165.897,2.70255,15.0264,1.8,0.54805,1.30323,1.00351,0.377345,78.2625,2,2.0032,588.76,1,66.7955,6.8865,10.441,3.23565,1.37925,1.75503,"1,668.05",98.97
11/6/16,66.748,104.8,6.7615,0.303,3.67285,148.09,0.96827,0.897706,123.16,110.35,165.897,2.70255,15.1103,1.8,0.546228,1.30323,1.0025,0.3771,78.525,2,1.9975,601.5,1,66.775,6.935,10.4455,3.23455,1.3853,1.75503,"1,674.49",99.55
11/7/16,66.7351,104.851,6.78261,0.30264,3.67302,148.198,0.975525,0.903555,123.183,109.942,165.898,2.70255,15.1036,1.8,0.544216,1.30129,0.999284,0.377615,78.6243,2,2.01159,592.648,1,66.7468,6.92552,10.4748,3.21756,1.38784,1.76573,"1,677.01",99.5242
11/8/16,66.5746,104.794,6.78207,0.30279,3.67275,148.069,0.975345,0.905728,123.7,109.967,165.898,2.70255,15.0474,1.8,0.542822,1.29636,0.9987,0.37703,78.6841,2,2.01272,594.754,1,66.581,6.93918,10.4532,3.1948,1.39195,1.77109,"1,678.38",100.039
11/9/16,66.4544,104.93,6.77679,0.302595,3.67301,148.352,0.97494,0.904249,123.832,110.017,165.898,2.70255,14.9574,1.8,0.54415,1.30261,0.996385,0.377025,78.8685,2,2.01736,599.457,1,66.5371,6.95532,10.4686,3.19764,1.39594,1.76843,"1,678.93",100.281
11/10/16,66.5948,105.524,6.79441,0.303185,3.67303,149.082,0.98565,0.916532,124.81,110.55,165.898,2.70255,14.9749,1.8,0.545311,1.30659,0.991145,0.37702,79.2828,2,2.02802,603.75,1,66.7035,6.98371,10.6056,3.28463,1.41019,1.79269,"1,688.38",101.028
11/11/16,67.3223,104.744,6.80997,0.30322,3.67303,147.771,0.98667,0.918945,125.242,110.735,165.898,2.70255,15.1089,1.8,0.550763,1.31836,0.999385,0.37703,78.6332,2,2.01133,602.77,1,67.3368,6.9147,10.7005,3.4089,1.41009,1.79737,"1,675.80",101.327
11/12/16,67.609,104.865,6.81663,0.3034,3.673,147.935,0.98807,0.921103,125.475,110.917,165.898,2.70255,15.2021,1.8,0.551055,1.32509,0.998487,0.376895,78.705,2,2.01315,604.18,1,67.5577,6.92095,10.8455,3.39213,1.41505,1.80305,"1,677.60",101.56
11/13/16,67.609,104.865,6.8197,0.3034,3.673,147.935,0.98808,0.921099,125.475,110.917,165.898,2.70255,15.3017,1.8,0.550995,1.3251,0.998487,0.377635,78.705,2,2.01315,604.18,1,67.5574,6.92095,10.8455,3.39141,1.41505,1.80274,"1,677.60",101.56
11/14/16,67.7455,104.996,6.84602,0.303975,3.67303,148.21,0.994215,0.928053,126.103,111.235,165.898,2.70255,15.4239,1.8,0.54764,1.32546,0.995783,0.37799,78.9729,2,2.01855,607.872,1,67.7356,6.94874,10.8131,3.41672,1.41779,1.81447,"1,681.34",101.734
11/15/16,67.7749,104.922,6.85541,0.30411,3.67304,148.101,0.998065,0.930029,126.344,111.072,165.898,2.70255,15.5654,1.8,0.544822,1.32382,0.998438,0.376995,78.712,2,2.01316,608.847,1,67.7536,6.93198,10.8444,3.4384,1.41648,1.8186,"1,677.70",102.568
11/16/16,67.8418,104.829,6.86762,0.304265,3.67328,148.379,1.00186,0.933088,126.702,111.075,165.898,2.70255,15.4967,1.8,0.544507,1.33032,0.998294,0.377085,78.8616,2,2.01356,613.336,1,67.8809,6.92225,10.8266,3.43314,1.41597,1.83053,"1,680.38",102.654
11/17/16,67.8645,104.772,6.84882,0.304355,3.6731,148.766,1.00246,0.935275,126.91,111.037,165.898,2.70255,15.4942,1.8,0.543836,1.33949,1.00022,0.377085,79.014,2,2.00984,613.363,1,67.9243,6.91781,10.8445,3.43186,1.41562,1.84587,"1,679.45",102.971
11/18/16,68.005,105.488,6.88688,0.30445,3.67307,149.348,1.00886,0.942876,127.985,111.027,165.898,2.70255,15.4952,1.8,0.541196,1.35507,0.993327,0.376985,79.444,2,2.02361,618.26,1,68.0924,6.97674,10.9512,3.41294,1.42785,1.84428,"1,688.06",103.698
11/19/16,68.093,105.16,6.88854,0.30465,3.673,149.045,1.01014,0.944314,128.34,111.243,165.899,2.70255,15.5281,1.8,0.539939,1.36332,0.996363,0.37719,79.1895,2,2.0174,619.48,1,68.1841,6.95545,10.987,3.38422,1.4277,1.8462,"1,681.55",104.13
11/20/16,68.093,105.16,6.8881,0.30465,3.673,149.045,1.01014,0.944322,128.34,111.29,165.899,2.70255,15.4871,1.8,0.539762,1.36335,0.996363,0.37719,79.1895,2,2.0174,619.48,1,68.1781,6.95545,10.987,3.38413,1.4277,1.8462,"1,681.55",104.13
11/21/16,68.1085,104.939,6.89358,0.30483,3.67302,148.609,1.00978,0.942374,127.957,110.969,165.899,2.70255,15.4686,1.8,0.541942,1.36133,0.998636,0.37728,79.1765,2,2.01282,617.997,1,68.1769,6.93958,10.9093,3.36846,1.42461,1.84308,"1,679.52",103.961
11/22/16,68.1831,104.775,6.8895,0.304775,3.67302,148.358,1.00975,0.941052,127.957,110.889,165.899,2.70255,15.3987,1.8,0.544901,1.35306,1.00011,0.376995,79.2437,2,2.00985,616.968,1,68.2686,6.92947,10.8336,3.37009,1.42319,1.84047,"1,676.31",103.903
11/23/16,68.5179,104.963,6.90214,0.30494,3.67301,148.62,1.01275,0.943218,128.099,110.928,165.899,2.70255,15.4713,1.8,0.54304,1.34943,0.998696,0.376965,79.3915,2,2.01282,618.055,1,68.6035,6.93952,10.8414,3.37551,1.4274,1.84454,"1,677.85",104.091
11/24/16,68.6471,105.489,6.91929,0.30509,3.67298,149.258,1.0171,0.947696,128.843,111.018,165.899,2.70255,15.5456,1.8,0.544131,1.35319,0.993619,0.376985,79.8358,2,2.02298,621.747,1,68.7619,6.97241,10.8902,3.42457,1.43717,1.85393,"1,682.96",104.546
11/25/16,68.4375,104.8,6.92435,0.3054,3.673,148.425,1.0148,0.944966,128.125,111.225,165.899,2.70255,15.5405,1.80025,0.544131,1.34552,1.0025,0.377025,79.275,2,1.9975,621,1,68.8,6.9248,10.8304,3.4225,1.428,1.84597,"1,680.00",104.29
11/26/16,68.477,104.764,6.9211,0.305395,3.67307,148.485,1.01415,0.943976,128.135,110.872,165.899,2.70255,15.5207,1.80025,0.545835,1.34355,1.00078,0.377065,79.2405,2,2.0085,619.565,1,68.5142,6.9248,10.826,3.42199,1.428,1.84648,"1,670.75",104.141
11/27/16,68.477,104.75,6.92291,0.3054,3.6731,148.485,1.01414,0.943967,128.15,110.695,165.899,2.70255,15.5468,1.8,0.545794,1.34351,1.00078,0.37672,79.2405,2,2.0085,619.18,1,68.5208,6.9248,10.826,3.42264,1.428,1.8471,"1,670.75",104.08
11/28/16,68.5758,104.554,6.8983,0.30497,3.673,148.254,1.01226,0.941726,127.822,110.756,165.899,2.70255,15.5081,1.8,0.544451,1.33922,1.00269,0.37644,79.1157,2,2.00475,617.201,1,68.613,6.91185,10.7566,3.40801,1.42413,1.84491,"1,671.27",103.992
11/29/16,68.5735,104.773,6.89724,0.304955,3.67302,148.647,1.0138,0.942627,127.912,110.809,165.899,2.70255,15.5442,1.8,0.544164,1.33811,1.00103,0.37699,79.2963,2,2.00812,617.515,1,68.6385,6.91466,10.7318,3.40266,1.42562,1.84343,"1,674.93",103.956
11/30/16,68.4673,104.539,6.88724,0.30502,3.67302,148.404,1.01444,0.940911,127.565,110.714,165.899,2.70255,15.7495,1.8,0.545466,1.3421,1.00278,0.376965,79.1804,2,2.00449,616.514,1,68.5527,6.89926,10.7216,3.42284,1.42283,1.8402,"1,670.94",103.872
12/1/16,68.3182,105.132,6.88985,0.305065,3.673,148.885,1.01477,0.942165,128.038,110.694,165.899,2.70255,15.8602,1.8,0.549122,1.35177,0.997665,0.377005,79.6966,2,2.01473,618.495,1,68.3953,6.94659,10.7804,3.42922,1.43099,1.84279,"1,680.92",104.195
12/2/16,68.1077,104.554,6.88516,0.30499,3.67305,148.091,1.01044,0.937744,127.437,110.621,165.899,2.70255,15.8404,1.8,0.552591,1.3464,1.00267,0.376985,79.4108,2,2.00476,615.332,1,68.2026,6.91202,10.7492,3.52497,1.42277,1.83399,"1,672.57",103.499
12/3/16,67.937,104.64,6.88571,0.30514,3.6729,148.415,1.01049,0.937519,127.4,110.315,165.899,2.70255,15.938,1.8,0.556886,1.34109,1.00163,0.377155,79.4735,2,2.00685,615.11,1,68.015,6.91895,10.77,3.47518,1.42025,1.83528,"1,670.55",103.4
12/4/16,67.937,104.64,6.88505,0.30514,3.6729,148.415,1.01049,0.937532,127.4,110.315,165.899,2.70255,15.9376,1.8,0.556769,1.34108,1.00163,0.377155,79.4735,2,2.00685,615.11,1,68.0219,6.91895,10.77,3.47655,1.42025,1.83528,"1,670.55",103.4
12/5/16,68.0356,105.093,6.98414,0.30503,3.67302,148.947,1.01222,0.939245,127.534,110.773,165.899,2.70255,15.9871,1.8,0.555465,1.34275,0.997595,0.377155,79.7705,2,2.01505,617.76,1,68.1138,6.9374,10.7334,3.45905,1.42618,1.83701,"1,681.42",103.311
12/6/16,67.8102,104.649,7.06718,0.30478,3.67304,148.56,1.0079,0.930484,126.641,110.178,165.899,2.70255,15.868,1.8,0.556511,1.34137,1.00326,0.377155,79.5442,2,2.00359,612.022,1,67.8969,6.89616,10.5471,3.42382,1.41955,1.83701,"1,671.92",102.362
12/7/16,67.6047,104.898,6.88546,0.304875,3.67301,148.972,1.00924,0.931889,126.723,110.194,165.899,2.70255,15.9371,1.8,0.55223,1.3421,0.999008,0.37697,79.793,2,2.01212,611.812,1,67.7036,6.92894,10.5937,3.40149,1.42083,1.82247,"1,678.76",102.869
12/8/16,67.322,104.589,6.88264,0.30484,3.67303,148.465,1.00955,0.932353,126.47,110.24,165.899,2.70255,15.9966,1.8,0.552117,1.33731,1.00176,0.376985,79.6096,2,2.00663,609.325,1,67.4345,6.90615,10.5562,3.38479,1.41503,1.82485,"1,673.82",102.781
12/9/16,67.4189,105.729,6.89798,0.30512,3.67305,150.171,1.0174,0.944376,128.043,110.614,165.899,2.70255,15.9918,1.8,0.550086,1.3403,0.990656,0.376985,80.5019,2,2.02892,618.53,1,67.5062,6.99531,10.7086,3.37657,1.43365,1.84758,"1,692.18",104.184
12/10/16,67.384,104.915,6.90118,0.3055,3.673,149.035,1.01709,0.946889,128.66,111.031,165.899,2.70255,15.99,1.8,0.549916,1.34256,0.998399,0.37703,79.8765,2,2.01315,621.24,1,67.4839,6.941,10.6775,3.37854,1.4275,1.85343,"1,676.15",104.43
12/11/16,67.384,104.909,6.90131,0.30503,3.673,149.027,1.01706,0.946871,128.66,110.984,165.899,2.70255,15.9958,1.8,0.549849,1.34258,0.998459,0.37713,79.8724,2,2.01305,621.207,1,67.4766,6.94064,10.677,3.3795,1.42743,1.85239,"1,676.06",104.424
12/12/16,67.4222,104.878,6.90752,0.30543,3.67307,149.102,1.0165,0.944755,128.66,110.939,165.899,2.70255,16.0198,1.8,0.552044,1.33906,0.998404,0.377395,79.761,2,2.01327,619.686,1,67.4796,6.93178,10.6194,3.36899,1.42843,1.84728,"1,679.87",104.369
12/13/16,67.4258,104.612,6.90107,0.30529,3.67303,148.624,1.01292,0.940787,128.66,110.712,165.899,2.70255,16.0113,1.8,0.554725,1.33437,1.00213,0.376995,79.2848,2,2.00581,616.731,1,67.477,6.89565,10.5707,3.33625,1.42467,1.83962,"1,674.59",103.772
12/14/16,67.46,104.669,6.90362,0.305245,3.67298,148.607,1.01165,0.94053,127.523,110.588,165.899,2.70255,15.9537,1.8,0.553597,1.33422,1.00139,0.376985,79.3378,2,2.00721,616.472,1,67.5204,6.90924,10.5337,3.33548,1.42345,1.84044,"1,675.52",103.747
12/15/16,67.7822,105.472,6.92958,0.30586,3.67296,149.959,1.02614,0.955278,129.617,110.964,165.899,2.70255,15.9751,1.8,0.546167,1.35282,0.992186,0.37699,80.1201,2,2.02593,624.626,1,67.8291,6.99553,10.8094,3.37453,1.44248,1.86912,"1,691.26",105.41
12/16/16,67.7841,104.763,6.95264,0.30597,3.67301,148.897,1.02843,0.958322,129.675,111.306,165.899,2.70255,15.9457,1.8,0.543611,1.36268,1.00091,0.37699,79.3619,2,2.00825,630.179,1,67.822,6.9386,10.8097,3.37531,1.44284,1.87458,"1,675.84",105.822
12/17/16,67.79,104.79,6.95926,0.30591,3.67305,149.08,1.02662,0.956846,129.16,111.31,165.9,2.70255,15.9506,1.8,0.545686,1.3692,1.00036,0.376885,79.407,2,2.00935,627.62,1,67.8477,6.92795,10.779,3.39293,1.4415,1.87319,"1,677.03",105.5
12/18/16,67.79,104.8,6.9592,0.3064,3.67245,149.35,1.0266,0.956828,129.45,111.853,165.9,2.70255,15.9783,1.8,0.54528,1.36915,1.0025,0.3765,79.415,2,1.9975,626,1,67.8,6.92795,10.7953,3.39344,1.4446,1.87289,"1,682.38",105.685
12/19/16,67.805,104.755,6.95689,0.30613,3.67291,149.002,1.02568,0.957327,129.143,111.262,165.9,2.70255,15.8684,1.8,0.54391,1.3738,1.00084,0.37693,79.2925,2,2.00842,627.062,1,67.8166,6.92408,10.8091,3.38352,1.44497,1.87332,"1,678.12",105.666
12/20/16,67.9411,104.928,6.9513,0.30618,3.67286,149.444,1.02847,0.962408,129.619,111.334,165.9,2.70255,15.8568,1.8,0.540872,1.37999,0.998683,0.376985,79.1594,2,2.0128,633.821,1,67.9359,6.93135,10.8701,3.36119,1.44903,1.88214,"1,680.89",106.179
12/21/16,67.9062,104.721,6.94726,0.30618,3.6727,148.984,1.027,0.960379,129.184,111.24,165.9,2.70255,15.8521,1.8,0.540462,1.3781,1.00164,0.377005,78.7661,2,2.00672,632.092,1,67.8723,6.90705,10.8121,3.34399,1.44355,1.87843,"1,676.12",106.017
12/22/16,67.8702,104.662,6.94744,0.306145,3.67275,149.049,1.02536,0.957556,128.643,111.138,165.9,2.70255,15.7719,1.80001,0.539357,1.38396,1.00158,0.377015,79.0122,2,2.00695,628.843,1,67.8946,6.91131,10.7934,3.32069,1.44391,1.87284,"1,675.68",105.751
12/23/16,67.8503,104.891,6.94819,0.306015,3.67269,149.768,1.02602,0.957405,128.71,111.125,165.901,2.70255,15.655,1.80002,0.536524,1.38941,0.999323,0.377,79.1915,2,2.01147,628.177,1,67.8488,6.92352,10.83,3.27963,1.44829,1.87245,"1,679.60",105.671
12/24/16,67.854,104.85,6.94627,0.3062,3.6725,149.76,1.02668,0.956476,128.45,110.925,165.901,2.70255,15.4873,1.8,0.536639,1.39349,0.999958,0.37714,79.1335,2,2.0101,627.57,1,67.8376,6.93025,10.823,3.2713,1.4459,1.8725,"1,683.90",105.875
12/25/16,67.854,104.75,6.9462,0.3062,3.67255,149.775,1.02665,0.956462,128.45,111.589,165.901,2.70255,15.482,1.8,0.536639,1.39348,1.0025,0.377,79.075,2,1.9975,626,1,67.8408,6.935,10.8304,3.27232,1.4465,1.8725,"1,683.65",105.615
12/26/16,67.854,104.79,6.94585,0.3062,3.67259,149.727,1.02665,0.956462,128.56,111.096,165.901,2.70255,15.6796,1.8,0.536943,1.39348,1.00014,0.37708,79.12,2,2.00975,627.47,1,67.7806,6.9291,10.821,3.27395,1.44578,1.8723,"1,674.60",105.236
12/27/16,67.9561,104.84,6.94932,0.306065,3.67272,149.727,1.02824,0.95702,128.724,111.01,165.901,2.70255,15.5929,1.8,0.536313,1.39182,0.999625,0.377065,79.1278,2,2.01079,627.864,1,67.9341,6.9327,10.8265,3.27462,1.44764,1.87092,"1,675.62",105.062
12/28/16,68.1544,104.743,6.95649,0.30615,3.67297,149.521,1.02866,0.958263,129.128,110.912,165.901,2.70255,15.5759,1.8,0.535614,1.39086,1.00057,0.37701,78.8224,2,2.00893,628.215,1,68.1576,6.92611,10.7977,3.27492,1.44972,1.87471,"1,674.34",104.226
12/29/16,68.0669,104.77,6.95566,0.30608,3.67286,149.643,1.02534,0.956567,129.183,110.769,165.903,2.70255,15.7492,1.80007,0.535575,1.38836,1.00052,0.377,78.7523,2,2.00908,628.539,1,68.0777,6.91835,10.7346,3.27113,1.45023,1.87098,"1,677.62",105.668
12/30/16,67.9201,104.2,6.94825,0.305805,3.67294,148.781,1.019,0.949086,128.15,110.495,165.903,2.70255,15.8956,1.8,0.538393,1.38372,1.00505,0.376995,78.6569,2,1.99996,621.722,1,67.9334,6.8757,10.6305,3.25469,1.44162,1.85519,"1,666.85",104.469
12/31/16,67.933,104.73,6.94477,0.30563,3.6729,150.305,1.01901,0.950539,128.265,110.59,165.903,2.70255,15.9681,1.8,0.539776,1.38851,0.99662,0.37657,79.3175,2,2.0168,623.3,1,67.9577,6.93335,10.72,3.25542,1.44995,1.85735,"1,681.00",104.77
1/1/17,67.933,104.73,6.9447,0.30563,3.6729,150.305,1.01902,0.950535,128.265,110.59,165.903,2.70255,15.977,1.8,0.539797,1.38858,0.99662,0.37657,79.3175,2,2.0168,623.3,1,67.9548,6.93335,10.72,3.25495,1.44995,1.85733,"1,681.00",104.77
1/2/17,67.933,104.388,6.945,0.306055,3.673,149.79,1.01902,0.950535,128.31,110.522,165.903,2.70255,15.8832,1.8,0.539005,1.38858,0.999814,0.376585,79.069,2,2.0107,626.18,1,68.0652,6.9317,10.6943,3.2626,1.4471,1.86127,"1,675.85",104.129
1/3/17,68.1976,104.667,6.95348,0.306225,3.67304,149.955,1.02523,0.957795,128.386,110.773,165.903,2.70255,15.9317,1.8,0.537109,1.38578,0.999089,0.37693,79.1379,2,2.01199,628.716,1,68.239,6.93648,10.7064,3.27455,1.45107,1.87445,"1,676.91",105.513
1/4/17,68.0975,104.746,6.94761,0.30621,3.67298,149.874,1.02596,0.958635,128.976,110.842,165.904,2.70255,15.9811,1.79734,0.53686,1.37906,1.00045,0.37718,78.9188,2,2.00928,629.892,1,68.103,6.92722,10.6916,3.24676,1.44537,1.87404,"1,674.99",105.791
1/5/17,67.8034,104.334,6.90285,0.30579,3.67307,148.76,1.01692,0.949051,128.603,110.394,165.904,2.70255,16.0365,1.79175,0.540238,1.36873,1.00592,0.37697,78.6053,2,1.99819,623.573,1,67.8562,6.889,10.6041,3.21124,1.43078,1.85573,"1,665.97",104.9
1/6/17,67.8963,104.352,6.9118,0.30568,3.67302,148.966,1.01272,0.945407,128.286,110.233,165.904,2.70255,15.9104,1.79462,0.540837,1.36507,1.00539,0.377005,78.7127,2,1.99921,620.11,1,67.973,6.89288,10.5872,3.20531,1.42918,1.84933,"1,672.42",104.233
1/7/17,68.103,104.8,6.91849,0.30577,3.673,150.615,1.01802,0.949515,128.65,110.59,165.904,2.70255,15.8106,1.8,0.53761,1.3703,0.995012,0.37692,79.533,2,2.0202,622.78,1,68.1661,6.96525,10.6755,3.22372,1.44025,1.8571,"1,684.40",104.69
1/8/17,68.103,104.8,6.9182,0.30577,3.673,150.615,1.01803,0.949515,128.65,110.59,165.904,2.70255,15.8126,1.8,0.537567,1.3703,0.995012,0.37692,79.533,2,2.0202,622.78,1,68.1478,6.96525,10.6755,3.22408,1.44025,1.8571,"1,684.40",104.69
1/9/17,68.1516,104.966,6.92887,0.305875,3.67298,150.234,1.01732,0.948803,129.026,110.345,165.904,2.70255,15.884,1.80002,0.819688,1.36494,0.997561,0.377085,79.1238,2,2.015,622.87,1,68.1729,6.94746,10.6746,3.21408,1.4389,1.85532,"1,680.06",104.705
1/10/17,68.1865,104.406,6.92611,0.305705,3.67302,149.216,1.01424,0.94468,128.725,110.256,165.904,2.70255,15.8754,1.79998,0.822741,1.35857,1.00355,0.376995,78.8288,2,2.00286,619.756,1,68.1733,6.89706,10.6333,3.19531,1.43267,1.84759,"1,669.87",104.27
1/11/17,68.352,104.911,6.93015,0.30582,3.67296,149.943,1.01777,0.94865,129.495,110.391,165.904,2.70255,15.8449,1.80001,0.822908,1.35382,0.998523,0.376985,79.2127,2,2.01307,622.496,1,68.2846,6.92887,10.6939,3.20002,1.4389,1.85508,"1,678.80",104.543
1/12/17,68.1184,104.494,6.93601,0.305495,3.67302,149.525,1.01037,0.941265,128.474,110.084,165.904,2.70255,15.8288,1.80001,0.817717,1.33678,1.0038,0.377,78.9059,2,2.00244,618.245,1,68.0812,6.90367,10.5983,3.18825,1.42645,1.84081,"1,673.42",103.937
1/13/17,68.203,105.033,6.90357,0.3056,3.67307,150.323,1.0094,0.940937,128.904,109.903,165.904,2.70255,15.8241,1.80001,0.821508,1.33554,0.997888,0.37702,79.4065,2,2.01436,617.611,1,68.1815,6.93624,10.5807,3.19718,1.42956,1.84005,"1,685.07",103.86
1/14/17,68.14,104.85,6.89984,0.30551,3.673,149.98,1.00884,0.939567,128.65,110.08,165.904,2.70255,15.8188,1.8,0.8205,1.33316,0.999708,0.37708,79.3575,2,2.01065,617.5,1,68.1578,6.9124,10.5745,3.22155,1.4281,1.83955,"1,677.50",103.61
1/15/17,68.14,104.79,6.9001,0.305637,3.67322,149.987,1.00883,0.939558,128.666,110.579,165.904,2.70255,15.8204,1.8,0.822222,1.33316,1.0025,0.377,79.322,2,2.00283,623.404,1,68.1,6.92562,10.6006,3.22074,1.42777,1.83955,"1,683.59",103.691
1/16/17,68.1433,104.888,6.90056,0.305645,3.67301,150.065,1.01099,0.942619,129.309,110.097,165.904,2.70255,15.8549,1.8,0.8309,1.33721,0.999252,0.3771,79.2711,2,2.01154,617.803,1,68.1402,6.91535,10.6027,3.22614,1.42978,1.84288,"1,683.98",103.999
1/17/17,67.9971,104.751,6.87665,0.305355,3.67298,149.917,1.0059,0.938104,128.708,109.79,165.904,2.70255,15.8811,1.8,0.820373,1.32997,1.00026,0.377015,79.265,2,2.00958,617.158,1,68.0126,6.91697,10.5794,3.22724,1.42252,1.83452,"1,682.22",103.852
1/18/17,68.0093,104.808,6.84661,0.30517,3.67294,150.065,1.00303,0.935707,128.315,109.677,165.906,2.70255,15.9221,1.80002,0.811709,1.32468,0.999848,0.37703,79.3012,2,2.0104,613.267,1,68.0396,6.93134,10.5515,3.21671,1.42036,1.82995,"1,683.51",103.174
1/19/17,68.1963,105.105,6.8579,0.305435,3.67298,150.642,1.00764,0.939982,128.853,109.873,165.906,2.70255,15.9564,1.80006,0.813176,1.32739,0.996744,0.377025,79.6254,2,2.01668,616.49,1,68.1799,6.9532,10.614,3.21997,1.42909,1.83893,"1,691.59",103.874
1/20/17,68.1333,104.841,6.87434,0.30548,3.67305,150.161,1.00569,0.937387,128.469,109.848,165.906,2.70255,15.893,1.8,0.811453,1.32398,0.999788,0.37701,79.4152,2,2.01046,615.412,1,68.115,6.93175,10.6,3.19132,1.42756,1.83354,"1,684.98",103.489
1/21/17,68.121,104.85,6.87646,0.30545,3.673,149.395,1.0019,0.934497,128.42,109.435,165.906,2.70255,15.8179,1.8,0.809,1.32338,1.00504,0.377185,78.9825,2,1.99995,613.48,1,68.1074,6.89535,10.557,3.17164,1.4227,1.82933,"1,695.00",103.13
1/22/17,68.121,104.185,6.8764,0.30545,3.67298,149.26,1.00188,0.934479,127.82,109.85,165.906,2.70255,15.8048,1.8,0.808849,1.32336,1.00601,0.37686,78.9075,2,1.99805,612.9,1,68.0818,6.88875,10.5465,3.17014,1.42135,1.82808,"1,667.55",103.03
1/23/17,68.145,104.329,6.8646,0.305105,3.67299,149.118,0.999565,0.931763,127.4,109.536,165.906,2.70255,15.8864,1.80002,0.804474,1.32168,1.00478,0.375985,79.0679,2,2.00053,610.965,1,68.1097,6.8972,10.5341,3.16739,1.41908,1.82344,"1,675.70",102.823
1/24/17,68.1412,104.639,6.85689,0.304935,3.67297,149.903,0.99867,0.930276,127.163,109.454,165.906,2.70255,15.939,1.80011,0.801475,1.31937,1.0017,0.376995,79.307,2,2.00673,609.832,1,68.1178,6.91855,10.5094,3.16535,1.41744,1.81927,"1,682.56",102.631
1/25/17,68.1449,104.798,6.8778,0.30495,3.67301,150.342,1.00042,0.931558,127.373,109.432,165.906,2.70255,15.9283,1.8,0.796746,1.32409,0.999321,0.377005,79.5033,2,2.01152,611.031,1,68.117,6.92701,10.4797,3.17002,1.41914,1.8219,"1,687.59",102.845
1/26/17,68.0973,104.772,6.88016,0.30498,3.67294,150.401,0.99905,0.932357,127.399,109.511,165.906,2.70255,15.9453,1.8,0.792729,1.32346,1.00023,0.376965,79.4705,2,2.00967,610.438,1,68.0683,6.9169,10.4542,3.17467,1.42101,1.82406,"1,684.61",102.76
1/27/17,68.1611,105.112,6.87969,0.305145,3.67295,150.818,1.00013,0.935939,127.845,109.648,165.906,2.70255,15.9264,1.8,0.796309,1.32679,0.997084,0.37698,79.7162,2,2.01597,620.212,1,68.1247,6.94179,10.5102,3.16721,1.42727,1.83034,"1,690.16",103.316
1/28/17,68.117,104.775,6.88052,0.3051,3.67305,150.245,0.99921,0.934776,127.685,109.606,165.906,2.70255,15.9126,1.8,0.7966,1.32485,1.00038,0.376905,79.4705,2,2.00925,613.18,1,68.105,6.9074,10.4945,3.141,1.42545,1.82934,"1,677.75",103.07
1/29/17,68.117,104.755,6.88111,0.30515,3.673,150.22,0.999215,0.934772,127.66,109.53,165.906,2.70255,15.9331,1.8,0.796311,1.32483,1.00057,0.376775,79.457,2,2.00885,613.07,1,68.1061,6.9062,10.4931,3.14053,1.4252,1.82802,"1,677.45",103.06
1/30/17,68.002,104.669,6.88199,0.305165,3.67302,150.127,0.998035,0.934728,127.581,109.701,165.906,2.70255,15.907,1.8,0.797218,1.32444,1.00037,0.376665,79.4413,2,2.00929,620.258,1,67.9647,6.91744,10.5449,3.13414,1.42392,1.83011,"1,685.84",103.183
1/31/17,67.733,104.642,6.88171,0.305,3.67294,150.144,0.99309,0.931845,127.183,109.577,165.906,2.70255,15.9099,1.80002,0.799571,1.32151,1.00209,0.37698,79.4329,2,2.00585,612.881,1,67.7152,6.91583,10.5524,3.13169,1.41635,1.82227,"1,688.88",102.933
2/1/17,67.4981,104.595,6.88215,0.304855,3.67295,150.269,0.991005,0.927523,126.621,109.32,165.906,2.70255,15.8687,1.80001,0.793539,1.32046,1.00251,0.376975,79.3975,2,2.00504,608.704,1,67.5033,6.91308,10.4853,3.14837,1.41216,1.81418,"1,688.63",102.346
2/2/17,67.2882,104.862,6.88175,0.30478,3.67293,150.683,0.99067,0.926741,126.416,109.201,165.906,2.70255,15.7605,1.80001,0.792669,1.30742,0.998814,0.37697,79.7108,2,2.01243,608.158,1,67.339,6.93808,10.4903,3.12523,1.41114,1.81242,"1,694.97",102.357
2/3/17,67.2127,104.915,6.87186,0.3049,3.67304,150.669,0.993435,0.92936,126.702,109.339,165.906,2.70255,15.6595,1.8,0.799351,1.3055,0.99817,0.376975,79.8039,2,2.01374,610.645,1,67.2603,6.93418,10.5103,3.12218,1.4114,1.81725,"1,696.74",102.57
2/4/17,67.097,104.235,6.87087,0.3051,3.67305,149.675,0.992875,0.927175,126.65,109.533,165.906,2.70255,15.6029,1.8,0.8011,1.30135,1.00524,0.37694,79.2675,2,1.99965,608.13,1,67.1932,6.8742,10.4605,3.11775,1.4075,1.81441,"1,678.65",102.23
2/5/17,67.097,104.235,6.8731,0.30515,3.67308,149.675,0.99289,0.927163,126.65,109.536,165.906,2.70255,15.5929,1.8,0.801012,1.30132,1.00524,0.375275,79.2675,2,1.99965,608.13,1,67.175,6.8742,10.4605,3.11781,1.4075,1.81426,"1,678.65",102.23
2/6/17,67.1401,104.46,6.85414,0.304925,3.67304,150.286,0.99315,0.929679,126.794,109.487,165.906,2.70255,15.6402,1.80004,0.801078,1.30544,1.00309,0.376455,79.5286,2,2.00409,612.926,1,67.1918,6.89801,10.4547,3.11794,1.40964,1.81917,"1,687.38",102.472
2/7/17,67.2921,104.804,6.87778,0.305045,3.67302,150.68,0.99576,0.934571,127.211,109.613,165.906,2.70255,15.7462,1.8,0.803914,1.30893,1.00239,0.377,79.7412,2,2.01018,611.745,1,67.3374,6.93041,10.4857,3.12047,1.4147,1.82761,"1,693.72",102.974
2/8/17,67.2091,104.764,6.878,0.304965,3.673,150.597,0.99715,0.936659,127.499,109.747,165.906,2.70255,15.6776,1.80002,0.799909,1.30982,1.00055,0.37701,79.7803,2,2.009,614.764,1,67.2117,6.91831,10.5292,3.12048,1.41704,1.83135,"1,690.06",103.365
2/9/17,66.8945,104.584,6.8679,0.30501,3.67291,150.436,0.9974,0.936225,127.123,109.668,165.906,2.70255,15.6465,1.80027,0.798012,1.30998,1.00236,0.377,79.5898,2,2.0053,614.041,1,66.8896,6.90235,10.5009,3.12058,1.41489,1.8313,"1,688.03",103.346
2/10/17,66.844,104.897,6.87779,0.305225,3.67295,150.897,1.00259,0.93932,127.36,109.752,165.906,2.70255,15.609,1.80001,0.800861,1.30739,0.998473,0.376995,79.9515,2,2.01311,615.372,1,66.8488,6.93293,10.5268,3.12296,1.42001,1.83746,"1,694.30",103.695
2/11/17,66.825,104.76,6.8773,0.30521,3.6731,150.69,1.00239,0.939793,127.305,110.027,165.906,2.70255,15.6066,1.8,0.8009,1.30253,1.0002,0.37689,79.7885,2,2.0097,616.42,1,66.8239,6.90895,10.5025,3.11499,1.42115,1.83847,"1,687.50",103.62
2/12/17,66.825,104.76,6.87857,0.30521,3.67307,150.69,1.00237,0.939774,127.305,110.043,165.906,2.70255,15.5262,1.8,0.800963,1.30251,1.0002,0.37693,79.7885,2,2.0097,616.42,1,66.8498,6.90895,10.5025,3.11566,1.42115,1.83925,"1,687.50",103.62
2/13/17,66.968,104.854,6.88424,0.305325,3.67294,150.755,1.00419,0.941389,127.591,109.918,165.906,2.70255,15.5587,1.8,0.799834,1.30509,0.999366,0.37718,79.969,2,2.01129,616.59,1,66.9513,6.92383,10.5083,3.11522,1.423,1.84083,"1,694.02",103.954
2/14/17,66.9391,105.007,6.87124,0.30539,3.67293,150.94,1.00541,0.943329,127.747,109.915,165.906,2.70255,15.4733,1.8,0.799506,1.30477,0.996402,0.37702,80.2212,2,2.01739,618.423,1,66.8993,6.94726,10.5107,3.10619,1.42284,1.84526,"1,695.74",104.159
2/15/17,66.9185,105.019,6.86931,0.305555,3.67299,150.959,1.00733,0.945877,128.107,110.078,165.907,2.70255,15.455,1.8,0.803425,1.30261,0.996635,0.377005,80.3674,2,2.01687,619.922,1,66.8836,6.94199,10.4516,3.07767,1.42359,1.8499,"1,697.75",104.358
2/16/17,66.9856,104.529,6.85916,0.305405,3.67293,150.279,1.00197,0.940578,127.386,109.978,165.907,2.70255,15.3797,1.8,0.80139,1.29773,1.00337,0.377,80.0466,2,2.00331,617.808,1,67.0025,6.90679,10.359,3.06212,1.41683,1.83921,"1,686.79",103.886
2/17/17,67.1098,104.582,6.86485,0.30537,3.67297,150.614,0.999075,0.938848,127.234,109.796,165.907,2.70255,15.4906,1.8,0.802315,1.30158,1.00226,0.377,80.1147,2,2.00554,615.605,1,67.0971,6.9146,10.3804,3.09289,1.41596,1.83683,"1,689.03",103.581